var1,var2,var3,var4,var5,var6,mf
85.1014,16848,16.6,643,0.3,0.0051,C3H3NO2
86.0599,15149,19.4,753,0.4,0.0057,C3H2O3
87.0438,18891,17,663,0.3,0.0046,C2HNO3
88.0755,15455,55.3,2156,1.1,0.0057,C2O4
89.0593,17062,5.5,215,0.1,0.0052,C2H3NO3
89.9639,16388,25,979,0.5,0.0055,C2H2O4
90.055,16786,3077.1,120565,58.7,0.0054,C2H2O4
90.0913,16209,6.6,257,0.1,0.0056,C2H2O4
91.058,15047,114.3,4490,2.2,0.0061,CHNO4
92.0606,16235,14.8,584,0.3,0.0057,CO5
95.0858,14819,15.5,616,0.3,0.0064,HNO5
96.0452,17267,5.8,230,0.1,0.0056,O6
97.0284,15246,132.2,5297,2.6,0.0064,H3NO5
97.1012,15604,11.3,454,0.2,0.0062,H3NO5
97.9689,15320,14.2,571,0.3,0.0064,H2O6
98.0314,13846,7.8,313,0.2,0.0071,H2O6
98.0596,17174,11.8,473,0.2,0.0057,H2O6
98.0969,16703,16.4,661,0.3,0.0059,H2O6
99.0442,16440,34.7,1398,0.7,0.006,C3HNO3
100.0756,21605,7.8,316,0.2,0.0046,C3O4
100.1123,15109,22.6,916,0.4,0.0066,C3O4
101.0035,12642,13.4,545,0.3,0.008,C3H3NO3
101.0604,13065,7.7,315,0.2,0.0077,C3H3NO3
102.055,15276,156.8,6399,3.1,0.0067,C3H2O4
102.1278,16259,37.5,1528,0.7,0.0063,C3H2O4
103.0397,14024,8.5,347,0.2,0.0073,C2HNO4
103.058,20037,10.8,441,0.2,0.0051,C2HNO4
104.0707,18492,4994.6,205265,100,0.0056,C2O5
105.0739,13847,201.4,8307,4,0.0076,C2H3NO4
106.0754,14340,22.6,936,0.5,0.0074,C2H2O5
107.085,15139,6.7,276,0.1,0.0071,CHNO5
108.0453,15513,5.4,224,0.1,0.007,CO6
109.0286,19579,14.3,597,0.3,0.0056,CH3NO5
109.0761,21658,6.2,259,0.1,0.005,CH3NO5
109.1012,16437,18,753,0.4,0.0066,CH3NO5
110.0602,17055,8.4,353,0.2,0.0065,CH2O6
111.0443,15127,7.3,307,0.1,0.0073,HNO6
111.1166,16481,9.4,394,0.2,0.0067,HNO6
111.9844,15641,23.4,988,0.5,0.0072,O7
112.0384,14578,17.9,756,0.4,0.0077,O7
112.9801,7694,6.2,264,0.1,0.0147,H3NO6
113.06,17269,8.8,375,0.2,0.0065,H3NO6
113.1328,15237,12.3,520,0.3,0.0074,H3NO6
113.9637,14087,30.2,1286,0.6,0.0081,H2O7
114.0554,14901,24.3,1032,0.5,0.0077,H2O7
114.948,27580,5.1,219,0.1,0.0042,C3HNO4
115.0393,18110,16.6,708,0.3,0.0064,C3HNO4
115.9796,14083,20.3,868,0.4,0.0082,C3O5
116.0706,15392,351.6,15052,7.3,0.0075,C3O5
116.9646,13898,6.9,295,0.1,0.0084,C3H3NO4
117.0543,16587,23,986,0.5,0.0071,C3H3NO4
117.0737,16890,22.6,970,0.5,0.0069,C3H3NO4
118.0859,12990,6.2,267,0.1,0.0091,C3H2O5
118.1226,13437,6.6,285,0.1,0.0088,C3H2O5
120.0659,20205,8.8,382,0.2,0.0059,C2O6
121.101,14227,10.5,461,0.2,0.0085,C2H3NO5
122.0602,16396,14.7,646,0.3,0.0074,C2H2O6
123.1168,14531,10.8,479,0.2,0.0085,CHNO6
124.0758,18587,4.7,210,0.1,0.0067,CO7
125.0962,13872,6,269,0.1,0.009,CH3NO6
126.0543,14524,35.1,1578,0.8,0.0087,CH2O7
127.0389,13847,136.3,6158,3,0.0092,HNO7
127.0752,32201,5,226,0.1,0.0039,HNO7
127.1475,13550,9.4,425,0.2,0.0094,HNO7
127.979,17437,6.6,298,0.1,0.0073,O8
128.0106,14901,6.9,313,0.2,0.0086,O8
128.0425,19805,14.6,663,0.3,0.0065,O8
128.071,14219,13.4,609,0.3,0.009,O8
129.0549,15631,9.5,436,0.2,0.0083,H3NO7
129.9596,12615,6.4,295,0.1,0.0103,H2O8
129.9954,12878,10.2,465,0.2,0.0101,H2O8
130.0507,15289,5.2,241,0.1,0.0085,H2O8
130.0861,19377,20.1,923,0.4,0.0067,H2O8
131.93,14134,7.6,352,0.2,0.0093,C3O6
131.974,13856,11.7,540,0.3,0.0095,C3O6
132.0656,13384,34.7,1605,0.8,0.0099,C3O6
132.1016,13164,5.3,246,0.1,0.01,C3O6
132.959,13682,32.7,1517,0.7,0.0097,C3H3NO5
133.0494,14620,126.7,5888,2.9,0.0091,C3H3NO5
133.0964,8561,8.4,389,0.2,0.0155,C3H3NO5
133.9722,15273,10.1,469,0.2,0.0088,C3H2O6
134.0537,10951,6.7,314,0.2,0.0122,C3H2O6
134.0812,13196,15.3,715,0.3,0.0102,C3H2O6
134.9562,15833,164,7676,3.7,0.0085,C2HNO6
135.1165,13695,9.7,453,0.2,0.0099,C2HNO6
135.9587,11516,6.5,307,0.1,0.0118,C2O7
136.9529,12954,7.8,369,0.2,0.0106,C2H3NO6
137.1327,17514,10.4,490,0.2,0.0078,C2H3NO6
138.0553,13809,8.6,410,0.2,0.01,C2H2O7
139.0504,14490,15.8,754,0.4,0.0096,CHNO7
140.0706,16587,21.8,1041,0.5,0.0084,CO8
141.0659,15140,46,2206,1.1,0.0093,CH3NO7
141.1638,16927,8.8,420,0.2,0.0083,CH3NO7
142.0499,17218,7.6,366,0.2,0.0082,CH2O8
142.0866,13991,9,433,0.2,0.0102,CH2O8
142.9544,13294,7.9,383,0.2,0.0108,HNO8
143.0317,14090,8.1,392,0.2,0.0102,HNO8
143.0578,15033,46.3,2243,1.1,0.0095,HNO8
143.9744,13270,20.1,975,0.5,0.0108,O9
144.0656,15070,32.1,1559,0.8,0.0096,O9
144.9585,17526,14.4,701,0.3,0.0083,H3NO8
144.9862,31178,6,292,0.1,0.0047,H3NO8
145.0494,14981,83.3,4061,2,0.0097,H3NO8
145.99,13916,36.4,1777,0.9,0.0105,H2O9
146.0527,14494,7.1,348,0.2,0.0101,H2O9
146.0811,14984,111.4,5442,2.7,0.0097,H2O9
146.9746,13324,20.2,988,0.5,0.011,C3HNO6
147.0838,10873,8.3,409,0.2,0.0135,C3HNO6
147.1154,11792,4.9,238,0.1,0.0125,C3HNO6
148.0604,17031,4.6,224,0.1,0.0087,C3O7
148.0961,14299,11.1,548,0.3,0.0104,C3O7
148.9717,16050,67,3307,1.6,0.0093,C3H3NO6
149.0232,16471,43.2,2132,1,0.009,C3H3NO6
149.1327,13793,10.1,497,0.2,0.0108,C3H3NO6
149.9462,10556,4.2,209,0.1,0.0142,C3H2O7
149.9694,9702,9.1,449,0.2,0.0155,C3H2O7
150.0757,14365,14.3,706,0.3,0.0104,C3H2O7
150.1117,15910,6.1,303,0.1,0.0094,C3H2O7
150.9511,15274,100.3,4971,2.4,0.0099,C2HNO7
151.9519,16925,6.8,337,0.2,0.009,C2O8
152.071,17341,15.2,756,0.4,0.0088,C2O8
152.9665,14749,37.3,1857,0.9,0.0104,C2H3NO7
153.0664,10797,4.3,214,0.1,0.0142,C2H3NO7
153.8953,18458,5.6,282,0.1,0.0083,C2H2O8
154.0485,19359,14,701,0.3,0.008,C2H2O8
155.0814,14560,65.9,3305,1.6,0.0107,CHNO8
155.9747,14550,14.4,722,0.4,0.0107,CO9
156.0663,12716,17.3,871,0.4,0.0123,CO9
156.9597,15343,5.7,288,0.1,0.0102,CH3NO8
157.9899,14724,22.6,1145,0.6,0.0107,CH2O9
158.0815,16204,13.8,700,0.3,0.0098,CH2O9
158.9729,12308,15.7,798,0.4,0.0129,HNO9
159.0669,12920,7.4,377,0.2,0.0123,HNO9
160.0055,14933,69.7,3541,1.7,0.0107,O10
160.0607,13126,11.8,597,0.3,0.0122,O10
160.0972,14555,24.9,1264,0.6,0.011,O10
160.9532,13543,8.4,427,0.2,0.0119,H3NO9
161.0057,9875,6.7,340,0.2,0.0163,H3NO9
161.0445,17029,22.8,1158,0.6,0.0095,H3NO9
161.0681,13588,24.6,1250,0.6,0.0119,H3NO9
161.0949,9700,5.1,258,0.1,0.0166,H3NO9
161.1324,14418,5.3,271,0.1,0.0112,H3NO9
161.9847,17056,40.5,2064,1,0.0095,H2O10
162.0761,16699,250.1,12760,6.2,0.0097,H2O10
162.9699,16530,6.2,317,0.2,0.0099,C3HNO7
163.0769,11346,23.4,1198,0.6,0.0144,C3HNO7
163.1484,15898,4.6,236,0.1,0.0103,C3HNO7
164.0916,14889,101.6,5212,2.5,0.011,C3O8
164.9678,15219,16.5,846,0.4,0.0108,C3H3NO7
165.0951,14247,7.6,390,0.2,0.0116,C3H3NO7
166.9226,14017,7.6,394,0.2,0.0119,C2HNO8
166.9824,15835,17,880,0.4,0.0105,C2HNO8
167.0344,14919,14.5,751,0.4,0.0112,C2HNO8
167.0815,17333,23.6,1221,0.6,0.0096,C2HNO8
167.9755,15748,9.4,487,0.2,0.0107,C2O9
168.0661,13364,54.3,2811,1.4,0.0126,C2O9
168.9174,15298,140.7,7294,3.6,0.011,C2H3NO8
168.9613,14046,33.1,1716,0.8,0.012,C2H3NO8
169.0145,13552,5.7,293,0.1,0.0125,C2H3NO8
169.0704,8879,8.4,433,0.2,0.019,C2H3NO8
169.0972,14764,79.8,4137,2,0.0115,C2H3NO8
169.9187,18012,8.6,445,0.2,0.0094,C2H2O9
169.9895,13239,11.7,606,0.3,0.0128,C2H2O9
170.0814,14602,61.3,3184,1.6,0.0116,C2H2O9
170.9144,15549,52.3,2719,1.3,0.011,CHNO9
170.9743,11508,5.3,273,0.1,0.0149,CHNO9
171.0811,12062,9.2,477,0.2,0.0142,CHNO9
172.0063,11478,11.8,614,0.3,0.015,CO10
172.0609,11461,5.4,280,0.1,0.015,CO10
172.0962,10525,7.7,402,0.2,0.0164,CO10
172.9736,14963,26.1,1361,0.7,0.0116,CH3NO9
173.0422,16458,21.9,1141,0.6,0.0105,CH3NO9
173.0943,9416,7.8,404,0.2,0.0184,CH3NO9
173.9841,15453,10.3,540,0.3,0.0113,CH2O10
174.0215,14319,16.5,863,0.4,0.0122,CH2O10
174.0766,14176,23.2,1212,0.6,0.0123,CH2O10
174.969,15941,381.4,19961,9.7,0.011,HNO10
175.1454,14639,4.2,218,0.1,0.012,HNO10
175.9724,13738,25.7,1346,0.7,0.0128,C4O8
176.0006,15382,42.8,2240,1.1,0.0114,C4O8
176.0556,13948,4,209,0.1,0.0126,C4O8
176.0919,13890,35.8,1877,0.9,0.0127,C4O8
176.9693,12485,11.1,580,0.3,0.0142,H3NO10
177.1648,10961,4.3,227,0.1,0.0162,H3NO10
177.9572,14174,9.3,489,0.2,0.0126,C4H2O8
177.9988,15134,40.5,2124,1,0.0118,C4H2O8
178.0713,15352,10.5,550,0.3,0.0116,C4H2O8
178.107,14697,28.9,1519,0.7,0.0121,C4H2O8
178.9461,15341,90.4,4756,2.3,0.0117,C3HNO8
179.1041,11399,17.7,932,0.5,0.0157,C3HNO8
179.951,14761,120.8,6365,3.1,0.0122,C3O9
179.9952,13455,7.2,379,0.2,0.0134,C3O9
180.0868,15425,419.5,22120,10.8,0.0117,C3O9
180.9395,12308,18.3,966,0.5,0.0147,C3H3NO8
181.0617,12268,6.6,349,0.2,0.0148,C3H3NO8
181.0918,12838,42.9,2267,1.1,0.0141,C3H3NO8
181.9483,15081,41.7,2202,1.1,0.0121,C3H2O9
182.0819,14375,101.9,5393,2.6,0.0127,C3H2O9
182.9349,11476,4,214,0.1,0.0159,C2HNO9
182.9772,16397,16.5,875,0.4,0.0112,C2HNO9
183.0817,9753,13.5,715,0.3,0.0188,C2HNO9
183.1128,15318,31.2,1651,0.8,0.012,C2HNO9
183.9744,9329,3.9,206,0.1,0.0197,C2O10
184.0602,13050,13.6,719,0.4,0.0141,C2O10
184.0977,11764,5.1,267,0.1,0.0156,C2O10
184.9324,21484,7.7,409,0.2,0.0086,C2H3NO9
184.9718,13402,7.2,380,0.2,0.0138,C2H3NO9
185.001,12498,4.7,247,0.1,0.0148,C2H3NO9
185.0922,12561,9.5,500,0.2,0.0147,C2H3NO9
185.9848,13995,39.4,2085,1,0.0133,C2H2O10
186.0763,16423,26.3,1392,0.7,0.0113,C2H2O10
186.928,14932,101.9,5393,2.6,0.0125,CHNO10
186.9694,14925,64.7,3423,1.7,0.0125,CHNO10
187.0168,13235,12.4,657,0.3,0.0141,CHNO10
187.106,13931,5.6,297,0.1,0.0134,CHNO10
187.9297,12657,6,318,0.2,0.0148,N2O10
187.973,9424,6.7,356,0.2,0.0199,N2O10
187.9993,13616,10.8,573,0.3,0.0138,N2O10
188.092,14932,85.2,4510,2.2,0.0126,N2O10
188.9253,14755,39.9,2116,1,0.0128,CH3NO10
188.9843,10726,6.5,343,0.2,0.0176,CH3NO10
189.0943,10175,8.2,433,0.2,0.0186,CH3NO10
189.9804,13623,31.2,1657,0.8,0.0139,H2N2O10
190.0183,19079,13.8,735,0.4,0.01,H2N2O10
190.071,15230,52.4,2784,1.4,0.0125,H2N2O10
190.1058,11532,8.1,432,0.2,0.0165,H2N2O10
190.9668,13163,14.7,783,0.4,0.0145,C4HNO8
191.0744,15707,6.4,338,0.2,0.0122,C4HNO8
191.103,38379,4,213,0.1,0.005,C4HNO8
191.1804,14337,4.7,248,0.1,0.0133,C4HNO8
191.9719,12202,7,370,0.2,0.0157,C4O9
192.0868,14024,58.8,3135,1.5,0.0137,C4O9
192.962,15604,173.2,9238,4.5,0.0124,C4H3NO8
193.0265,15819,4.2,226,0.1,0.0122,C4H3NO8
193.0894,12488,6.4,342,0.2,0.0155,C4H3NO8
193.1182,16427,6.4,341,0.2,0.0118,C4H3NO8
193.9666,15196,81.6,4357,2.1,0.0128,C4H2O9
194.1006,12423,11.6,620,0.3,0.0156,C4H2O9
194.9676,6070,12,643,0.3,0.0321,C3HNO9
195.0772,18426,13.8,736,0.4,0.0106,C3HNO9
195.1207,7896,5.1,272,0.1,0.0247,C3HNO9
195.9645,14067,25.9,1388,0.7,0.0139,C3O10
196.0078,22346,6.2,331,0.2,0.0088,C3O10
196.0612,17361,6.5,348,0.2,0.0113,C3O10
196.9569,13277,39,2088,1,0.0148,C3H3NO9
197.0922,14514,12.6,676,0.3,0.0136,C3H3NO9
197.9615,15146,44.6,2388,1.2,0.0131,C3H2O10
198.0359,14242,5.5,292,0.1,0.0139,C3H2O10
198.0765,14766,22.7,1215,0.6,0.0134,C3H2O10
198.9686,14390,43.3,2317,1.1,0.0138,C2HNO10
199.0254,16047,15.1,808,0.4,0.0124,C2HNO10
199.072,14044,18.9,1010,0.5,0.0142,C2HNO10
199.108,14622,14.4,771,0.4,0.0136,C2HNO10
199.9602,11646,15.7,838,0.4,0.0172,CN2O10
200.0487,12400,4.6,244,0.1,0.0161,CN2O10
200.0918,15969,25.1,1339,0.7,0.0125,CN2O10
201.0353,12518,4.5,243,0.1,0.0161,C2H3NO10
201.0873,13435,23.9,1275,0.6,0.015,C2H3NO10
201.9341,11391,5.1,270,0.1,0.0177,CH2N2O10
202.001,14939,33.4,1783,0.9,0.0135,CH2N2O10
202.071,13448,15.2,813,0.4,0.015,CH2N2O10
202.9651,14012,16.1,860,0.4,0.0145,HN3O10
203.0056,8571,6.3,338,0.2,0.0237,HN3O10
203.0528,16122,510.5,27279,13.3,0.0126,HN3O10
203.1028,13441,9.8,521,0.3,0.0151,HN3O10
203.9955,16224,539.8,28823,14,0.0126,C5O9
204.0566,13906,32,1708,0.8,0.0147,C5O9
204.0859,14027,26.6,1420,0.7,0.0145,C5O9
204.9766,10188,67.5,3603,1.8,0.0201,H3N3O10
205.0589,12756,8.1,434,0.2,0.0161,H3N3O10
205.0892,17990,5.9,312,0.2,0.0114,H3N3O10
205.9947,7523,9.6,514,0.3,0.0274,C5H2O9
206.1023,13623,17.6,938,0.5,0.0151,C5H2O9
206.9794,7415,6.5,346,0.2,0.0279,C4HNO9
207.9906,9939,4.6,244,0.1,0.0209,C4O10
208.0312,16205,19.5,1044,0.5,0.0128,C4O10
208.0819,14875,253,13565,6.6,0.014,C4O10
209.087,12393,27.5,1473,0.7,0.0169,C4H3NO9
210.0844,11258,8.2,439,0.2,0.0187,C4H2O10
210.4893,14303,10.6,570,0.3,0.0147,C7H2N2O6
210.9473,12454,18.9,1017,0.5,0.0169,C3HNO10
210.9723,12394,24.6,1323,0.6,0.017,C3HNO10
211.0722,9519,4.8,258,0.1,0.0222,C3HNO10
211.107,14944,7.4,397,0.2,0.0141,C3HNO10
211.9775,14468,29.4,1579,0.8,0.0147,C2N2O10
212.0957,11278,20.4,1096,0.5,0.0188,C2N2O10
212.9434,16170,7.6,409,0.2,0.0132,C3H3NO10
212.9739,6956,4.3,231,0.1,0.0306,C3H3NO10
213.0298,12008,4.2,227,0.1,0.0177,C3H3NO10
213.088,14926,33.6,1809,0.9,0.0143,C3H3NO10
213.1213,11188,7,374,0.2,0.019,C3H3NO10
213.9775,13992,14.9,798,0.4,0.0153,C2H2N2O10
213.9996,9022,13.4,720,0.4,0.0237,C2H2N2O10
214.0731,12435,7.4,398,0.2,0.0172,C2H2N2O10
214.984,10696,6,324,0.2,0.0201,CHN3O10
215.0112,14258,11.3,606,0.3,0.0151,CHN3O10
215.051,7627,5.5,293,0.1,0.0282,CHN3O10
215.1032,13246,49.8,2671,1.3,0.0162,CHN3O10
215.9958,15518,213.3,11429,5.6,0.0139,C6O9
216.087,15227,321.2,17209,8.4,0.0142,C6O9
216.9817,9674,48.2,2581,1.3,0.0224,CH3N3O10
217.0895,14549,38.1,2041,1,0.0149,CH3N3O10
218.011,13833,35.9,1922,0.9,0.0158,C6H2O9
218.1011,10927,20.1,1076,0.5,0.02,C6H2O9
218.9776,10143,6.5,350,0.2,0.0216,C5HNO9
219.0266,15215,193.9,10374,5.1,0.0144,C5HNO9
219.9959,12562,17.8,952,0.5,0.0175,C5O10
220.0278,12253,15.4,823,0.4,0.018,C5O10
220.0822,15912,21.1,1128,0.5,0.0138,C5O10
220.1167,12874,4.9,260,0.1,0.0171,C5O10
220.9717,8869,21.4,1145,0.6,0.0249,C5H3NO9
221.0251,11521,16.1,862,0.4,0.0192,C5H3NO9
221.064,12898,5.8,309,0.2,0.0171,C5H3NO9
221.0897,12012,5.4,287,0.1,0.0184,C5H3NO9
221.9886,14793,194.4,10404,5.1,0.015,C5H2O10
222.0974,13846,54,2888,1.4,0.016,C5H2O10
222.9756,11163,48.8,2615,1.3,0.02,C4HNO10
223.1022,11424,8.6,460,0.2,0.0195,C4HNO10
223.9846,10437,14.2,761,0.4,0.0215,C3N2O10
224.1078,7907,7.7,412,0.2,0.0283,C3N2O10
224.9693,11057,5.4,291,0.1,0.0203,C4H3NO10
224.9875,9217,5.1,274,0.1,0.0244,C4H3NO10
225.0861,12984,16.6,894,0.4,0.0173,C4H3NO10
226.0747,12072,4.2,226,0.1,0.0187,C3H2N2O10
226.2184,15698,6.7,363,0.2,0.0144,C3H2N2O10
226.953,18097,21.3,1148,0.6,0.0125,C2HN3O10
227.1032,14453,33.2,1790,0.9,0.0157,C2HN3O10
227.9968,12921,9.2,494,0.2,0.0176,C7O9
228.0885,9129,10.8,586,0.3,0.025,C7O9
228.1968,14782,5.2,279,0.1,0.0154,C7O9
228.9613,8205,5.5,299,0.1,0.0279,C2H3N3O10
229.0265,9380,4.7,256,0.1,0.0244,C2H3N3O10
229.1185,14581,29.5,1593,0.8,0.0157,C2H3N3O10
230.0117,14013,21.8,1180,0.6,0.0164,C7H2O9
230.1027,16698,1302.9,70439,34.3,0.0138,C7H2O9
230.2488,13731,23.8,1289,0.6,0.0168,C7H2O9
231.0437,11454,21.6,1171,0.6,0.0202,C6HNO9
231.1059,14283,146.7,7940,3.9,0.0162,C6HNO9
231.2525,12849,4.4,238,0.1,0.018,C6HNO9
231.9913,14942,28.3,1531,0.7,0.0155,C6O10
232.0836,11528,17.5,948,0.5,0.0201,C6O10
232.108,11692,22.6,1224,0.6,0.0199,C6O10
233.0224,14424,164.5,8917,4.3,0.0162,C6H3NO9
233.111,14182,8.1,438,0.2,0.0164,C6H3NO9
234.0079,11944,47.2,2561,1.2,0.0196,C6H2O10
234.0976,15072,459.7,24981,12.2,0.0155,C6H2O10
234.9902,14541,175.2,9526,4.6,0.0162,C5HNO10
235.1012,12493,46.9,2553,1.2,0.0188,C5HNO10
235.9924,9693,16.6,905,0.4,0.0243,C4N2O10
236.1115,12581,44.2,2411,1.2,0.0188,C4N2O10
236.9898,10291,7.6,412,0.2,0.023,C5H3NO10
237.1153,12589,7.1,385,0.2,0.0188,C5H3NO10
237.2207,11726,4.4,240,0.1,0.0202,C5H3NO10
238.0042,12709,8.9,487,0.2,0.0187,C4H2N2O10
238.0926,9152,6.5,355,0.2,0.026,C4H2N2O10
238.9674,14837,13.3,724,0.4,0.0161,C3HN3O10
239.0667,17120,4.7,259,0.1,0.014,C3HN3O10
239.1029,15170,11,602,0.3,0.0158,C3HN3O10
239.1475,11349,4,217,0.1,0.0211,C3HN3O10
239.2378,15507,3.8,208,0.1,0.0154,C3HN3O10
239.9989,15333,129.2,7074,3.4,0.0157,C8O9
240.0903,10906,5.4,296,0.1,0.022,C8O9
240.4989,51370,6,331,0.2,0.0047,C4N8O5
240.9579,12676,16.9,925,0.5,0.019,C3H3N3O10
240.9988,10521,14.8,813,0.4,0.0229,C3H3N3O10
241.0818,12344,15.4,848,0.4,0.0195,C3H3N3O10
241.1186,12640,15.1,827,0.4,0.0191,C3H3N3O10
241.9993,8400,6.8,372,0.2,0.0288,C8H2O9
242.1039,11772,8.8,486,0.2,0.0206,C8H2O9
242.9547,17159,7.4,406,0.2,0.0142,C7HNO9
242.9816,26707,4.9,270,0.1,0.0091,C7HNO9
243.0977,12328,15.4,846,0.4,0.0197,C7HNO9
243.1312,10555,4.7,259,0.1,0.023,C7HNO9
244.0092,12243,10.5,580,0.3,0.0199,C7O10
244.0802,14615,53.7,2960,1.4,0.0167,C7O10
244.2271,11867,8.1,449,0.2,0.0206,C7O10
244.9783,10281,7.2,396,0.2,0.0238,C7H3NO9
245.0258,8218,5.6,308,0.1,0.0298,C7H3NO9
245.0608,8641,7.4,408,0.2,0.0284,C7H3NO9
245.1135,13865,22.4,1240,0.6,0.0177,C7H3NO9
246.0064,14420,144.2,7973,3.9,0.0171,C7H2O10
246.0979,13144,29.6,1637,0.8,0.0187,C7H2O10
246.932,13951,36,1994,1,0.0177,C6HNO10
247.0377,13894,59.2,3277,1.6,0.0178,C6HNO10
247.1026,11048,5.5,303,0.1,0.0224,C6HNO10
247.1289,13206,8.2,453,0.2,0.0187,C6HNO10
248.0247,9939,11.2,619,0.3,0.025,C5N2O10
248.1133,17625,1791.2,99366,48.4,0.0141,C5N2O10
248.9282,12418,15.8,881,0.4,0.02,C6H3NO10
249.01,12099,7.6,424,0.2,0.0206,C6H3NO10
249.0349,7361,6.9,383,0.2,0.0338,C6H3NO10
249.1168,14156,192.6,10709,5.2,0.0176,C6H3NO10
249.9977,8186,6.1,339,0.2,0.0305,C5H2N2O10
250.1193,13022,35.9,2000,1,0.0192,C5H2N2O10
250.9834,13002,17.9,998,0.5,0.0193,C4HN3O10
251.0324,17410,10.6,592,0.3,0.0144,C4HN3O10
251.1117,10011,5.9,326,0.2,0.0251,C4HN3O10
251.9735,13573,8.5,477,0.2,0.0186,C9O9
252.1082,16574,1150,64240,31.3,0.0152,C9O9
252.9831,14677,181.5,10166,5,0.0172,C4H3N3O10
253.1118,13488,112.3,6295,3.1,0.0188,C4H3N3O10
253.9851,12025,22.2,1245,0.6,0.0211,C9H2O9
254.1144,11892,25.2,1418,0.7,0.0214,C9H2O9
254.9576,11521,12.6,712,0.3,0.0221,C8HNO9
254.9786,10219,11.2,629,0.3,0.025,C8HNO9
255.0992,12117,13.1,741,0.4,0.0211,C8HNO9
255.233,15433,6,340,0.2,0.0165,C8HNO9
255.9911,9691,4.4,248,0.1,0.0264,C8O10
256.0852,12701,4.6,260,0.1,0.0202,C8O10
256.1097,8970,4.4,251,0.1,0.0286,C8O10
256.9624,11949,7.4,417,0.2,0.0215,C8H3NO9
257.0211,12846,5.7,320,0.2,0.02,C8H3NO9
257.1138,12706,20.5,1160,0.6,0.0202,C8H3NO9
257.2471,18739,3.8,215,0.1,0.0137,C8H3NO9
257.9654,15466,14.2,802,0.4,0.0167,C8H2O10
258.0068,14257,36.1,2046,1,0.0181,C8H2O10
258.1003,10805,9.1,513,0.2,0.0239,C8H2O10
258.2803,13223,12.1,686,0.3,0.0195,C8H2O10
258.9998,7255,8.9,507,0.2,0.0357,C7HNO10
259.0374,12114,10.8,614,0.3,0.0214,C7HNO10
259.0937,15632,10.6,602,0.3,0.0166,C7HNO10
259.1287,13701,22.7,1288,0.6,0.0189,C7HNO10
259.9626,10485,5,287,0.1,0.0248,C6N2O10
260.017,8039,8.8,499,0.2,0.0323,C6N2O10
260.053,12863,18.3,1041,0.5,0.0202,C6N2O10
260.1135,12947,17.1,969,0.5,0.0201,C6N2O10
261.0137,11962,7.6,431,0.2,0.0218,C7H3NO10
261.0569,12912,4.6,260,0.1,0.0202,C7H3NO10
261.1101,10676,11.3,643,0.3,0.0245,C7H3NO10
261.1417,12359,6.2,351,0.2,0.0211,C7H3NO10
262.0042,11319,31.7,1811,0.9,0.0231,C6H2N2O10
262.0936,15877,9.1,519,0.3,0.0165,C6H2N2O10
262.987,11360,21.3,1224,0.6,0.0232,C5HN3O10
263.1207,9934,3.7,215,0.1,0.0265,C5HN3O10
264.0162,14871,323.3,18646,9.1,0.0178,C10O9
264.1085,15049,43.1,2490,1.2,0.0175,C10O9
265.0069,10412,44.6,2581,1.3,0.0255,C5H3N3O10
265.1108,11124,10.1,582,0.3,0.0238,C5H3N3O10
266.0098,6316,10.8,624,0.3,0.0421,C10H2O9
266.1239,18561,2383.7,138425,67.4,0.0143,C10H2O9
266.2104,9542,4.6,268,0.1,0.0279,C10H2O9
267.0096,7592,4.5,260,0.1,0.0352,C9HNO9
267.1273,14483,245.2,14273,7,0.0184,C9HNO9
268.0882,16926,5.3,307,0.1,0.0158,C9O10
268.1289,12516,45.6,2659,1.3,0.0214,C9O10
268.9734,12165,21.1,1234,0.6,0.0221,C9H3NO9
269.1323,9694,15.4,901,0.4,0.0278,C9H3NO9
269.5119,11404,3.8,224,0.1,0.0236,C5H7N3O10
269.9836,10313,9.7,567,0.3,0.0262,C9H2O10
270.1188,15520,526.8,30893,15.1,0.0174,C9H2O10
270.5096,14378,19,1117,0.5,0.0188,C5H2N8O6
270.9673,14696,291,17127,8.3,0.0184,C8HNO10
271.0421,8529,3.6,212,0.1,0.0318,C8HNO10
271.1233,13661,65.8,3871,1.9,0.0198,C8HNO10
271.9718,11646,30.5,1802,0.9,0.0234,C7N2O10
272.1216,10469,14.8,872,0.4,0.026,C7N2O10
272.2581,18697,5.3,313,0.2,0.0146,C7N2O10
272.9646,14428,99,5866,2.9,0.0189,C8H3NO10
273.0149,12797,8,473,0.2,0.0213,C8H3NO10
273.0525,10720,8,475,0.2,0.0255,C8H3NO10
273.1095,13265,26,1540,0.8,0.0206,C8H3NO10
273.2589,13429,4.1,246,0.1,0.0203,C8H3NO10
273.9692,13990,10.6,627,0.3,0.0196,C7H2N2O10
273.9998,10937,8.4,497,0.2,0.0251,C7H2N2O10
274.0908,13440,52.3,3115,1.5,0.0204,C7H2N2O10
275.0327,14026,64.2,3836,1.9,0.0196,C6HN3O10
275.1228,12004,11.9,708,0.3,0.0229,C6HN3O10
275.1612,12852,5,301,0.1,0.0214,C6HN3O10
276.0178,13046,56,3351,1.6,0.0212,C11O9
276.1082,13654,18.5,1107,0.5,0.0202,C11O9
277.0033,9507,21.9,1314,0.6,0.0291,C6H3N3O10
277.1067,8859,3.8,226,0.1,0.0313,C6H3N3O10
278.0326,12833,21.3,1281,0.6,0.0217,C11H2O9
278.1234,12071,24.6,1477,0.7,0.023,C11H2O9
279.0338,13328,5.3,320,0.2,0.0209,C10HNO9
279.1264,6834,5.1,307,0.1,0.0408,C10HNO9
279.1573,11720,6,361,0.2,0.0238,C10HNO9
280.0093,9807,6.8,409,0.2,0.0286,C10O10
280.0526,13633,5.4,327,0.2,0.0205,C10O10
280.1034,13960,18.7,1128,0.5,0.0201,C10O10
280.9957,14518,27.7,1681,0.8,0.0194,C10H3NO9
281.0709,14621,3.5,211,0.1,0.0192,C10H3NO9
281.1216,6045,6.8,415,0.2,0.0465,C10H3NO9
282.0059,10759,7.5,457,0.2,0.0262,C10H2O10
282.1172,11995,9.2,558,0.3,0.0235,C10H2O10
282.2796,11983,4.9,300,0.1,0.0236,C10H2O10
282.9952,11624,13,797,0.4,0.0243,C9HNO10
283.0956,14638,3.6,222,0.1,0.0193,C9HNO10
283.133,16124,13.6,833,0.4,0.0176,C9HNO10
283.1671,16888,4.5,273,0.1,0.0168,C9HNO10
283.9947,13104,3.8,236,0.1,0.0217,C8N2O10
284.1346,14963,91.4,5614,2.7,0.019,C8N2O10
284.3318,13985,64.2,3943,1.9,0.0203,C8N2O10
284.9825,12578,10,614,0.3,0.0227,C9H3NO10
285.1101,14952,23.8,1464,0.7,0.0191,C9H3NO10
285.1371,9572,16.6,1019,0.5,0.0298,C9H3NO10
285.3351,13694,14.1,868,0.4,0.0208,C9H3NO10
286.002,10825,4.8,295,0.1,0.0264,C8H2N2O10
286.093,13974,45.9,2834,1.4,0.0205,C8H2N2O10
286.3103,13235,4.6,283,0.1,0.0216,C8H2N2O10
286.9816,9944,5.8,358,0.2,0.0289,C7HN3O10
287.0332,10517,8,497,0.2,0.0273,C7HN3O10
287.1238,13222,30.6,1892,0.9,0.0217,C7HN3O10
288.0174,13099,15.3,950,0.5,0.022,C12O9
288.107,14589,41,2547,1.2,0.0197,C12O9
288.9102,25309,3.4,214,0.1,0.0114,C7H3N3O10
288.9798,14868,15.4,961,0.5,0.0194,C7H3N3O10
289.0523,10959,18,1122,0.5,0.0264,C7H3N3O10
289.1079,11957,8.9,557,0.3,0.0242,C7H3N3O10
289.138,15256,7.8,483,0.2,0.019,C7H3N3O10
289.9964,9017,6,375,0.2,0.0322,C12H2O9
290.0644,11788,14.1,879,0.4,0.0246,C12H2O9
290.124,11318,17.2,1076,0.5,0.0256,C12H2O9
290.9778,11734,8.8,551,0.3,0.0248,C11HNO9
291.0236,11378,6,377,0.2,0.0256,C11HNO9
291.1208,13058,11.6,728,0.4,0.0223,C11HNO9
292.0132,15161,7.9,495,0.2,0.0193,C11O10
292.1019,11526,15.4,967,0.5,0.0253,C11O10
293.0142,14066,28.7,1807,0.9,0.0208,C11H3NO9
293.1298,7819,5,316,0.2,0.0375,C11H3NO9
294.0254,13253,31.8,2011,1,0.0222,C11H2O10
294.1191,13244,37.7,2385,1.2,0.0222,C11H2O10
295.0113,15013,346.6,22034,10.7,0.0197,C10HNO10
295.1322,7955,8,512,0.2,0.0371,C10HNO10
296.0147,14260,40.8,2607,1.3,0.0208,C9N2O10
296.133,13318,14.2,906,0.4,0.0222,C9N2O10
297.0158,15100,11.4,731,0.4,0.0197,C10H3NO10
297.1418,9253,10.5,674,0.3,0.0321,C10H3NO10
297.9802,15577,8.2,526,0.3,0.0191,C9H2N2O10
298.0639,15516,27.8,1785,0.9,0.0192,C9H2N2O10
298.1156,10766,6.7,429,0.2,0.0277,C9H2N2O10
298.1477,11110,11.7,751,0.4,0.0268,C9H2N2O10
298.5654,16100,6.5,415,0.2,0.0185,C9H10N6O6
298.9723,9969,4.2,272,0.1,0.03,C8HN3O10
299.0874,10117,4.8,311,0.2,0.0296,C8HN3O10
299.1262,11283,16.9,1090,0.5,0.0265,C8HN3O10
300.0049,11253,6.9,445,0.2,0.0267,C13O9
300.126,10298,11.7,754,0.4,0.0291,C13O9
300.9849,8851,4.9,315,0.2,0.034,C8H3N3O10
301.1079,12583,6.3,410,0.2,0.0239,C8H3N3O10
301.1423,10626,19.8,1282,0.6,0.0283,C8H3N3O10
301.9985,10334,4.7,307,0.1,0.0292,C13H2O9
302.0867,12476,8.2,536,0.3,0.0242,C13H2O9
302.1335,8822,8.6,561,0.3,0.0342,C13H2O9
302.9862,8018,3.5,229,0.1,0.0378,C12HNO9
303.0247,14784,6.9,451,0.2,0.0205,C12HNO9
303.1206,12363,14,922,0.4,0.0245,C12HNO9
304.0279,10365,19.7,1299,0.6,0.0293,C12O10
304.1349,11717,22.1,1457,0.7,0.026,C12O10
304.2625,14893,3.9,256,0.1,0.0204,C12O10
304.3003,12177,11.7,776,0.4,0.025,C12O10
305.0222,8889,25.7,1701,0.8,0.0343,C12H3NO9
305.1369,12242,16.1,1068,0.5,0.0249,C12H3NO9
306.0274,15316,267.1,17820,8.7,0.02,C12H2O10
306.1188,16541,110,7337,3.6,0.0185,C12H2O10
307.0261,11368,40.1,2683,1.3,0.027,C11HNO10
307.125,11270,16.7,1116,0.5,0.0273,C11HNO10
307.1893,14078,4.4,294,0.1,0.0218,C11HNO10
308.0314,8330,9.2,617,0.3,0.037,C10N2O10
308.0729,10220,4.4,296,0.1,0.0301,C10N2O10
308.1331,14382,21.4,1440,0.7,0.0214,C10N2O10
309.0278,13383,10.8,730,0.4,0.0231,C11H3NO10
309.151,12952,23,1553,0.8,0.0239,C11H3NO10
310.1493,10475,8.9,603,0.3,0.0296,C10H2N2O10
311.0079,16047,9.7,659,0.3,0.0194,C9HN3O10
311.1475,12138,47.2,3205,1.6,0.0256,C9HN3O10
311.2583,15980,5.5,373,0.2,0.0195,C9HN3O10
311.9937,12687,9.9,674,0.3,0.0246,C14O9
312.1339,12259,12.2,830,0.4,0.0255,C14O9
313.0042,14974,81.1,5550,2.7,0.0209,C9H3N3O10
313.1049,12079,6.2,424,0.2,0.0259,C9H3N3O10
313.1419,12691,13.3,908,0.4,0.0247,C9H3N3O10
313.2731,13059,3.1,216,0.1,0.024,C9H3N3O10
314.0058,11762,11.9,821,0.4,0.0267,C14H2O9
314.1441,10213,8.3,574,0.3,0.0308,C14H2O9
315.0099,8439,5.8,403,0.2,0.0373,C13HNO9
315.1206,12525,12.4,858,0.4,0.0252,C13HNO9
315.1593,11883,13.7,950,0.5,0.0265,C13HNO9
316.0129,11876,4.2,292,0.1,0.0266,C13O10
316.1046,13018,10.3,720,0.4,0.0243,C13O10
316.1503,10351,6.4,445,0.2,0.0305,C13O10
316.9994,9154,3.2,226,0.1,0.0346,C13H3NO9
317.0419,10034,6,418,0.2,0.0316,C13H3NO9
317.135,14616,17,1188,0.6,0.0217,C13H3NO9
317.9377,17706,3.3,230,0.1,0.018,C13H2O10
318.0288,11902,8,563,0.3,0.0267,C13H2O10
318.1241,11601,11.1,783,0.4,0.0274,C13H2O10
318.142,10160,9.7,684,0.3,0.0313,C13H2O10
319.0222,9295,6.9,487,0.2,0.0343,C12HNO10
319.1527,10873,13.3,937,0.5,0.0294,C12HNO10
319.2836,41392,2.9,207,0.1,0.0077,C12HNO10
320.0411,14584,14.4,1022,0.5,0.0219,C11N2O10
320.0975,14926,7.1,500,0.2,0.0214,C11N2O10
320.1314,11253,7.3,515,0.3,0.0284,C11N2O10
321.018,12764,3.4,243,0.1,0.0251,C12H3NO10
321.0378,7083,3.2,228,0.1,0.0453,C12H3NO10
321.1312,11058,5.5,388,0.2,0.029,C12H3NO10
322.0409,13744,13,932,0.5,0.0234,C11H2N2O10
322.0648,13581,10.4,746,0.4,0.0237,C11H2N2O10
322.114,13089,12.1,866,0.4,0.0246,C11H2N2O10
323.0079,11809,20.3,1456,0.7,0.0274,C10HN3O10
323.1559,5808,5.4,386,0.2,0.0556,C10HN3O10
324.0379,15145,150.6,10874,5.3,0.0214,C15O9
324.1292,14403,67.6,4883,2.4,0.0225,C15O9
325.0285,7736,31,2250,1.1,0.042,C10H3N3O10
325.1392,12354,13.7,998,0.5,0.0263,C10H3N3O10
326.0349,6519,5.7,415,0.2,0.05,C15H2O9
326.1443,12765,23.1,1690,0.8,0.0256,C15H2O9
327.025,13725,5.3,390,0.2,0.0238,C14HNO9
327.0781,10821,2.9,212,0.1,0.0302,C14HNO9
327.1611,13058,32.5,2388,1.2,0.0251,C14HNO9
328.0596,13457,3.9,285,0.1,0.0244,C14O10
328.1621,11774,9.6,710,0.3,0.0279,C14O10
329.1378,11511,10.9,804,0.4,0.0286,C14H3NO9
329.1775,13027,22.7,1677,0.8,0.0253,C14H3NO9
330.1357,10190,5.8,430,0.2,0.0324,C14H2O10
330.1749,9576,6.2,462,0.2,0.0345,C14H2O10
330.9748,13675,3.8,280,0.1,0.0242,C13HNO10
331.1145,14401,23.1,1726,0.8,0.023,C13HNO10
331.1467,11864,14.3,1068,0.5,0.0279,C13HNO10
331.9976,19952,3.3,249,0.1,0.0166,C12N2O10
332.0163,18268,3.1,233,0.1,0.0182,C12N2O10
332.1022,10969,6.8,507,0.2,0.0303,C12N2O10
332.3323,14181,13.3,998,0.5,0.0234,C12N2O10
332.4852,14202,2.8,210,0.1,0.0234,C20N2O4
332.9883,12682,3.9,293,0.1,0.0263,C13H3NO10
333.0358,17649,3.7,279,0.1,0.0189,C13H3NO10
333.1305,13382,17,1282,0.6,0.0249,C13H3NO10
333.1648,11509,10.7,810,0.4,0.0289,C13H3NO10
333.335,10888,3,223,0.1,0.0306,C13H3NO10
334.0226,12453,23.7,1794,0.9,0.0268,C12H2N2O10
334.1144,14924,78.3,5932,2.9,0.0224,C12H2N2O10
335.0265,12380,7,530,0.3,0.0271,C11HN3O10
335.1213,9983,12,913,0.4,0.0336,C11HN3O10
336.038,13557,11.4,870,0.4,0.0248,C16O9
336.1288,10783,13.7,1050,0.5,0.0312,C16O9
337.0247,14793,9.2,707,0.3,0.0228,C11H3N3O10
337.1811,10549,9,692,0.3,0.032,C11H3N3O10
338.0543,15554,15,1157,0.6,0.0217,C16H2O9
338.1421,10723,9,696,0.3,0.0315,C16H2O9
338.3436,18117,4.7,365,0.2,0.0187,C16H2O9
339.0581,16136,3.9,303,0.1,0.021,C15HNO9
339.1478,8680,4.1,318,0.2,0.0391,C15HNO9
340.0105,12613,5.1,399,0.2,0.027,C15O10
340.1266,10855,8.6,675,0.3,0.0313,C15O10
340.1519,11346,9.1,708,0.3,0.03,C15O10
340.396,13615,3.5,272,0.1,0.025,C15O10
340.4932,12120,2.8,218,0.1,0.0281,C11N8O6
340.932,12746,2.9,228,0.1,0.0267,C15H3NO9
341.0047,8998,4.6,361,0.2,0.0379,C15H3NO9
341.1657,7103,9.4,741,0.4,0.048,C15H3NO9
341.267,12893,3.9,307,0.1,0.0265,C15H3NO9
342.0044,14328,44.2,3489,1.7,0.0239,C15H2O10
342.14,14805,275.9,21755,10.6,0.0231,C15H2O10
343.0077,12376,7,558,0.3,0.0277,C14HNO10
343.1447,13206,44.3,3514,1.7,0.026,C14HNO10
344.0026,14389,16.3,1295,0.6,0.0239,C13N2O10
344.1528,12467,28,2232,1.1,0.0276,C13N2O10
345.0043,14382,3.5,278,0.1,0.024,C14H3NO10
345.0326,9411,2.9,234,0.1,0.0367,C14H3NO10
345.1312,12436,22.9,1836,0.9,0.0278,C14H3NO10
345.9344,19262,3,244,0.1,0.018,C13H2N2O10
346.0194,10498,5.7,456,0.2,0.033,C13H2N2O10
346.0694,7702,2.9,233,0.1,0.0449,C13H2N2O10
346.1235,9613,7.4,597,0.3,0.036,C13H2N2O10
346.9906,16777,3.7,302,0.1,0.0207,C12HN3O10
347.0546,12574,3.4,275,0.1,0.0276,C12HN3O10
347.1457,14032,20.9,1694,0.8,0.0247,C12HN3O10
347.1871,11373,13.1,1061,0.5,0.0305,C12HN3O10
348.0403,8240,3.1,255,0.1,0.0422,C17O9
348.1375,8168,5.9,485,0.2,0.0426,C17O9
348.1845,9623,2.8,232,0.1,0.0362,C17O9
348.9815,15858,11.5,942,0.5,0.022,C12H3N3O10
349.1586,12004,6.8,560,0.3,0.0291,C12H3N3O10
350.0197,8911,3.7,304,0.1,0.0393,C17H2O9
350.1111,12445,4.2,348,0.2,0.0281,C17H2O9
350.1438,17882,4.5,370,0.2,0.0196,C17H2O9
350.9849,14178,5.8,482,0.2,0.0248,C16HNO9
351.0398,12156,3.2,264,0.1,0.0289,C16HNO9
351.1369,9306,4,329,0.2,0.0377,C16HNO9
351.1778,14068,2.6,211,0.1,0.025,C16HNO9
351.9844,22814,2.6,215,0.1,0.0154,C16O10
352.0331,10825,5.5,453,0.2,0.0325,C16O10
352.1245,14812,119.6,9894,4.8,0.0238,C16O10
352.1848,10565,5.2,433,0.2,0.0333,C16O10
353.0282,8148,16.9,1399,0.7,0.0433,C16H3NO9
353.1285,12213,19.7,1631,0.8,0.0289,C16H3NO9
353.9134,15906,10.3,856,0.4,0.0223,C16H2O10
354.0342,9964,4.8,396,0.2,0.0355,C16H2O10
355.0327,15583,179.4,14982,7.3,0.0228,C15HNO10
355.1473,12209,8.4,702,0.3,0.0291,C15HNO10
355.1925,11111,13.1,1094,0.5,0.032,C15HNO10
355.9108,12503,4.4,367,0.2,0.0285,C14N2O10
356.0331,12002,27.9,2339,1.1,0.0297,C14N2O10
356.149,8504,7.7,643,0.3,0.0419,C14N2O10
356.1902,11342,6.6,553,0.3,0.0314,C14N2O10
356.9482,15355,2.4,206,0.1,0.0232,C15H3NO10
357.0376,10560,8,672,0.3,0.0338,C15H3NO10
357.1309,12570,5,421,0.2,0.0284,C15H3NO10
357.1687,12721,4,334,0.2,0.0281,C15H3NO10
357.2,7708,3,249,0.1,0.0463,C15H3NO10
358.0214,11149,4,336,0.2,0.0321,C14H2N2O10
358.0666,13277,2.8,241,0.1,0.027,C14H2N2O10
358.1344,13509,4.4,370,0.2,0.0265,C14H2N2O10
358.1664,10904,6.4,544,0.3,0.0328,C14H2N2O10
358.8948,16000,3.4,291,0.1,0.0224,C13HN3O10
359.0462,13338,2.6,224,0.1,0.0269,C13HN3O10
359.144,13813,13.2,1124,0.5,0.026,C13HN3O10
360.0167,12293,13.4,1142,0.6,0.0293,C18O9
360.1503,14297,104.2,8925,4.3,0.0252,C18O9
360.5408,13474,3.4,295,0.1,0.0268,C8H8N8O9
361.0288,5093,2.6,220,0.1,0.0709,C13H3N3O10
361.155,12104,29.6,2551,1.2,0.0298,C13H3N3O10
362.0115,11194,6.6,573,0.3,0.0323,C18H2O9
362.1537,8942,6.9,601,0.3,0.0405,C18H2O9
362.4973,16397,4.3,371,0.2,0.0221,C10H2N8O8
363.0059,19386,3.5,303,0.1,0.0187,C17HNO9
363.1466,13232,8.4,729,0.4,0.0274,C17HNO9
363.3111,15390,6.7,584,0.3,0.0236,C17HNO9
363.987,14211,5.5,477,0.2,0.0256,C17O10
364.0391,7474,4.1,357,0.2,0.0487,C17O10
364.127,11571,6.4,562,0.3,0.0315,C17O10
365.0605,17655,8,698,0.3,0.0207,C17H3NO9
365.1424,8056,8.5,743,0.4,0.0453,C17H3NO9
366.049,13273,27.6,2431,1.2,0.0276,C17H2O10
366.1408,17241,8.3,730,0.4,0.0212,C17H2O10
367.0486,9499,5.7,504,0.2,0.0386,C16HNO10
367.1563,9974,4.6,403,0.2,0.0368,C16HNO10
368.047,13159,2.6,229,0.1,0.028,C15N2O10
368.1536,11668,4.1,368,0.2,0.0316,C15N2O10
368.4256,13162,13.2,1178,0.6,0.028,C15N2O10
369.0438,11330,4.4,398,0.2,0.0326,C16H3NO10
369.1709,8427,6.2,558,0.3,0.0438,C16H3NO10
369.3527,15040,17.5,1572,0.8,0.0246,C16H3NO10
369.4287,13644,3.9,353,0.2,0.0271,C16H3NO10
370.0419,11942,2.5,227,0.1,0.031,C15H2N2O10
370.1352,14369,117.1,10518,5.1,0.0258,C15H2N2O10
370.3543,10278,5.3,479,0.2,0.036,C15H2N2O10
371.044,17138,2.8,253,0.1,0.0217,C14HN3O10
371.14,13199,22.9,2072,1,0.0281,C14HN3O10
371.3213,18992,2.6,237,0.1,0.0196,C14HN3O10
372.1482,9404,14,1266,0.6,0.0396,C19O9
373.0287,41077,2.4,219,0.1,0.0091,C14H3N3O10
373.1529,9478,10.1,916,0.4,0.0394,C14H3N3O10
374.028,8596,2.4,221,0.1,0.0435,C19H2O9
374.1629,10409,7.5,685,0.3,0.0359,C19H2O9
374.96,12421,4.3,398,0.2,0.0302,C18HNO9
375.1624,9058,10.7,989,0.5,0.0414,C18HNO9
376.0065,19956,5,458,0.2,0.0188,C18O10
376.1433,39658,3.7,339,0.2,0.0095,C18O10
376.1524,20450,3.7,338,0.2,0.0184,C18O10
377.0061,12467,7,648,0.3,0.0302,C18H3NO9
377.0548,10455,2.7,253,0.1,0.0361,C18H3NO9
377.1551,11456,5.9,547,0.3,0.0329,C18H3NO9
377.3256,13045,4.6,426,0.2,0.0289,C18H3NO9
377.5094,13690,4.8,448,0.2,0.0276,C10H3N9O8
378.016,13292,2.8,259,0.1,0.0284,C18H2O10
378.0499,11379,4.7,439,0.2,0.0332,C18H2O10
378.1043,9133,3,280,0.1,0.0414,C18H2O10
378.1427,12214,8.2,764,0.4,0.031,C18H2O10
379.0431,16828,3.8,355,0.2,0.0225,C17HNO10
379.0698,9388,2.2,205,0.1,0.0404,C17HNO10
379.1611,12030,9.5,885,0.4,0.0315,C17HNO10
379.9665,15333,3.6,334,0.2,0.0248,C16N2O10
380.1572,10468,4.1,382,0.2,0.0363,C16N2O10
381.1069,12092,3.7,349,0.2,0.0315,C17H3NO10
381.1565,14385,3.7,352,0.2,0.0265,C17H3NO10
381.9396,12677,2.6,244,0.1,0.0301,C16H2N2O10
381.9973,11257,3.5,330,0.2,0.0339,C16H2N2O10
382.0409,11889,4.1,384,0.2,0.0321,C16H2N2O10
382.1349,13189,9.4,887,0.4,0.029,C16H2N2O10
382.9389,15213,4.6,438,0.2,0.0252,C15HN3O10
383.0308,9300,3.3,314,0.2,0.0412,C15HN3O10
383.1166,15309,181.6,17303,8.4,0.025,C15HN3O10
383.3299,11178,2.5,234,0.1,0.0343,C15HN3O10
384.0435,11923,8,769,0.4,0.0322,C20O9
384.1211,12683,25.7,2464,1.2,0.0303,C20O9
384.1849,8802,6.5,618,0.3,0.0436,C20O9
385.0422,16545,10.9,1049,0.5,0.0233,C15H3N3O10
385.1233,12709,7.4,713,0.3,0.0303,C15H3N3O10
385.1748,7091,5.2,504,0.2,0.0543,C15H3N3O10
385.2914,10195,2.8,271,0.1,0.0378,C15H3N3O10
385.9501,14983,2.5,240,0.1,0.0258,C20H2O9
386.0085,12805,4.1,400,0.2,0.0301,C20H2O9
386.0431,16812,4.1,393,0.2,0.023,C20H2O9
386.1982,14583,10,963,0.5,0.0265,C20H2O9
386.5138,13313,2.7,257,0.1,0.029,C16H2N8O5
387.0067,11996,2.4,229,0.1,0.0323,C19HNO9
387.0458,12887,3.1,303,0.1,0.03,C19HNO9
387.094,66806,2.2,211,0.1,0.0058,C19HNO9
387.1655,10807,26.6,2581,1.3,0.0358,C19HNO9
387.9424,14968,9.8,949,0.5,0.0259,C19O10
388.1477,11903,23.5,2290,1.1,0.0326,C19O10
388.9726,13354,3.5,346,0.2,0.0291,C19H3NO9
389.179,9898,19.5,1904,0.9,0.0393,C19H3NO9
390.1786,6462,5.5,542,0.3,0.0604,C19H2O10
391.1424,10490,3.8,370,0.2,0.0373,C18HNO10
391.1713,13099,4.5,447,0.2,0.0299,C18HNO10
391.2858,13816,6.4,627,0.3,0.0283,C18HNO10
391.3288,5638,2.6,260,0.1,0.0694,C18HNO10
391.9154,19535,2.3,230,0.1,0.0201,C27H53N
392.0517,10183,2.8,277,0.1,0.0385,C17N2O10
392.1183,14605,16.3,1615,0.8,0.0268,C17N2O10
392.9279,12618,2.6,254,0.1,0.0311,C28H56
392.9719,9161,2.4,239,0.1,0.0429,C18H3NO10
393.0114,9780,3.3,327,0.2,0.0402,C18H3NO10
393.0724,7557,4.7,469,0.2,0.052,C18H3NO10
393.1696,14225,6.7,670,0.3,0.0276,C18H3NO10
393.2986,12272,2.7,273,0.1,0.032,C18H3NO10
393.9997,16830,3.5,351,0.2,0.0234,C17H2N2O10
394.0639,10314,6.9,692,0.3,0.0382,C17H2N2O10
394.1377,8725,4.7,464,0.2,0.0452,C17H2N2O10
394.9456,10342,2.8,281,0.1,0.0382,C28H58
394.9942,7746,2.3,227,0.1,0.051,C16HN3O10
395.0752,14010,37,3702,1.8,0.0282,C16HN3O10
395.1636,10580,3.6,358,0.2,0.0373,C16HN3O10
395.9299,13421,4.8,480,0.2,0.0295,C27H57N
395.9935,13870,2.4,244,0.1,0.0285,C21O9
396.0689,9516,9.5,954,0.5,0.0416,C21O9
396.1522,11056,8.6,865,0.4,0.0358,C21O9
397.0723,11524,4.7,476,0.2,0.0345,C16H3N3O10
397.1378,7663,5.7,574,0.3,0.0518,C16H3N3O10
397.2034,9748,2.4,247,0.1,0.0407,C16H3N3O10
397.9822,13927,2.5,248,0.1,0.0286,C21H2O9
398.0149,11890,3.7,376,0.2,0.0335,C21H2O9
398.2001,11177,10.5,1064,0.5,0.0356,C21H2O9
399.0909,14781,36.1,3675,1.8,0.027,C20HNO9
399.1988,11256,4.7,479,0.2,0.0355,C20HNO9
399.2493,15993,3.4,347,0.2,0.025,C20HNO9
399.3101,16965,3,305,0.1,0.0235,C20HNO9
400.0945,12362,5.3,543,0.3,0.0324,C20O10
400.1599,10509,3.7,382,0.2,0.0381,C20O10
400.2144,14644,15.8,1610,0.8,0.0273,C20O10
400.9385,10834,2.9,295,0.1,0.037,C20H3NO9
401.0921,13184,4.8,496,0.2,0.0304,C20H3NO9
401.1769,9594,13.9,1424,0.7,0.0418,C20H3NO9
402.052,14040,3.2,327,0.2,0.0286,C20H2O10
402.1691,50804,3.3,340,0.2,0.0079,C20H2O10
402.9483,15865,2.7,282,0.1,0.0254,C19HNO10
403.1832,6801,6.3,649,0.3,0.0593,C19HNO10
404.0279,15016,3,314,0.2,0.0269,C18N2O10
404.1183,10340,3.2,328,0.2,0.0391,C18N2O10
404.1674,10419,2.7,281,0.1,0.0388,C18N2O10
404.1983,11224,2.9,299,0.1,0.036,C18N2O10
404.9853,10780,3,314,0.2,0.0376,C19H3NO10
405.0667,15404,3,312,0.2,0.0263,C19H3NO10
405.1519,11985,6.7,698,0.3,0.0338,C19H3NO10
405.3412,11677,2.4,246,0.1,0.0347,C19H3NO10
405.9446,11266,3.3,346,0.2,0.036,C18H2N2O10
406.1527,11163,2.3,239,0.1,0.0364,C18H2N2O10
406.9836,14447,11.9,1239,0.6,0.0282,C17HN3O10
407.0742,10148,3.1,325,0.2,0.0401,C17HN3O10
407.1848,10031,9.8,1028,0.5,0.0406,C17HN3O10
407.3343,10681,6.3,662,0.3,0.0381,C17HN3O10
407.9832,14818,2.8,294,0.1,0.0275,C22O9
408.09,11870,5.3,552,0.3,0.0344,C22O9
408.1582,11670,3.2,338,0.2,0.035,C22O9
408.9574,14994,4.3,451,0.2,0.0273,C29H60
409.0892,11250,3.9,415,0.2,0.0364,C17H3N3O10
409.174,6920,3.3,348,0.2,0.0591,C17H3N3O10
410.0401,12191,4.5,479,0.2,0.0336,C22H2O9
410.1345,12071,4,423,0.2,0.034,C22H2O9
410.1634,13792,4.8,504,0.2,0.0297,C22H2O9
411.0236,13056,3.3,353,0.2,0.0315,C21HNO9
411.1106,16808,3.9,416,0.2,0.0245,C21HNO9
411.1612,9749,3.4,361,0.2,0.0422,C21HNO9
411.397,23176,3.1,325,0.2,0.0178,C21HNO9
411.499,13426,2,215,0.1,0.0306,C22H5NO8
411.9659,13808,10.5,1122,0.5,0.0298,C21O10
412.1485,10397,3.8,402,0.2,0.0396,C21O10
412.2157,12130,5.1,540,0.3,0.034,C21O10
412.4994,10287,2.7,292,0.1,0.0401,C26H4O6
412.9635,9722,3.3,357,0.2,0.0425,C21H3NO9
413.0812,12844,12.2,1301,0.6,0.0322,C21H3NO9
413.1188,27654,6,636,0.3,0.0149,C21H3NO9
413.1825,10491,6.3,670,0.3,0.0394,C21H3NO9
413.2676,11975,6.4,683,0.3,0.0345,C21H3NO9
413.9378,12461,9.7,1038,0.5,0.0332,C24H55N5
414.0554,10310,2.8,294,0.1,0.0402,C21H2O10
414.1625,13105,11.8,1264,0.6,0.0316,C21H2O10
414.2297,13416,7.4,790,0.4,0.0309,C21H2O10
414.9408,7405,3,321,0.2,0.056,C23H54N6
415.054,14573,90,9635,4.7,0.0285,C20HNO10
415.1944,12446,13.9,1486,0.7,0.0334,C20HNO10
415.9334,15012,4.1,439,0.2,0.0277,C22H53N7
416.0567,16172,18.4,1980,1,0.0257,C19N2O10
416.1257,15531,2,211,0.1,0.0268,C19N2O10
416.1994,13722,4.2,450,0.2,0.0303,C19N2O10
416.969,10484,5.7,618,0.3,0.0398,C20H3NO10
417.0581,15276,6.7,725,0.4,0.0273,C20H3NO10
417.2,11020,5.2,559,0.3,0.0379,C20H3NO10
417.9764,11834,4,430,0.2,0.0353,C19H2N2O10
418.1481,8304,3,322,0.2,0.0504,C19H2N2O10
418.1845,14776,3.2,342,0.2,0.0283,C19H2N2O10
418.2182,11448,2.6,278,0.1,0.0365,C19H2N2O10
418.9691,8237,2.4,265,0.1,0.0509,C18HN3O10
419.012,13359,2.2,236,0.1,0.0314,C18HN3O10
419.072,13167,2,218,0.1,0.0318,C18HN3O10
419.167,11704,4.3,470,0.2,0.0358,C18HN3O10
419.318,12476,5.1,556,0.3,0.0336,C18HN3O10
419.9682,10960,4.9,536,0.3,0.0383,C23O9
420.0183,17306,1.9,208,0.1,0.0243,C23O9
420.0302,17363,1.9,209,0.1,0.0242,C23O9
420.1592,8996,2.4,264,0.1,0.0467,C23O9
420.9623,12532,3.3,360,0.2,0.0336,C30H60
421.0215,8383,2.9,321,0.2,0.0502,C18H3N3O10
421.1758,8958,3.5,377,0.2,0.047,C18H3N3O10
421.3482,11368,4.6,501,0.2,0.0371,C18H3N3O10
421.5255,13691,4.6,498,0.2,0.0308,C30H3N3O
422.0355,7554,3.6,395,0.2,0.0559,C23H2O9
422.1707,7843,2.2,239,0.1,0.0538,C23H2O9
422.5184,16198,5.4,592,0.3,0.0261,C24H2N6O3
423.019,14890,4.7,521,0.3,0.0284,C22HNO9
423.0575,10226,2,219,0.1,0.0414,C22HNO9
423.1637,11172,2.6,289,0.1,0.0379,C22HNO9
423.1945,9602,2.7,292,0.1,0.0441,C22HNO9
423.3301,21211,1.9,210,0.1,0.02,C22HNO9
424.0542,13021,8.9,975,0.5,0.0326,C22O10
424.1447,14450,8.6,942,0.5,0.0294,C22O10
424.2041,20907,2.6,289,0.1,0.0203,C22O10
424.9545,13040,2,221,0.1,0.0326,C29H60O
424.9962,11681,2.3,258,0.1,0.0364,C22H3NO9
425.0528,10514,2.4,263,0.1,0.0404,C22H3NO9
425.1638,13155,3.4,380,0.2,0.0323,C22H3NO9
425.3131,12773,3.1,348,0.2,0.0333,C22H3NO9
425.3771,12233,2,218,0.1,0.0348,C22H3NO9
425.9818,12394,3.7,407,0.2,0.0344,C22H2O10
426.0695,12274,7.6,842,0.4,0.0347,C22H2O10
426.1633,12032,3.4,378,0.2,0.0354,C22H2O10
426.2313,10854,6.1,679,0.3,0.0393,C22H2O10
427.0675,10763,2.5,277,0.1,0.0397,C21HNO10
427.1539,9958,2.7,306,0.1,0.0429,C21HNO10
427.2311,15145,2.1,239,0.1,0.0282,C21HNO10
427.3205,19356,2,219,0.1,0.0221,C21HNO10
427.3787,12594,2.7,302,0.1,0.0339,C21HNO10
427.9749,10420,1.9,210,0.1,0.0411,C20N2O10
428.0588,14597,1.9,214,0.1,0.0293,C20N2O10
428.1749,7984,3.2,360,0.2,0.0536,C20N2O10
428.2426,13162,3,333,0.2,0.0325,C20N2O10
429.0701,11597,2.3,259,0.1,0.037,C21H3NO10
429.1796,8431,6,672,0.3,0.0509,C21H3NO10
429.2374,12185,2.7,306,0.1,0.0352,C21H3NO10
429.3172,9920,2.7,301,0.1,0.0433,C21H3NO10
429.9724,11086,4.4,493,0.2,0.0388,C20H2N2O10
430.1749,12721,3.1,352,0.2,0.0338,C20H2N2O10
430.9167,15643,2.2,246,0.1,0.0275,C30H54O
430.9811,10515,2.8,318,0.2,0.041,C19HN3O10
431.0381,9510,1.9,213,0.1,0.0453,C19HN3O10
431.2027,9555,6.4,723,0.4,0.0451,C19HN3O10
431.516,13985,1.9,213,0.1,0.0309,C24H5N3O6
431.9474,12252,4.3,489,0.2,0.0353,C30H57N
432.0258,12943,3.5,389,0.2,0.0334,C24O9
432.1717,14698,14.3,1604,0.8,0.0294,C24O9
433.0263,10054,1.9,210,0.1,0.0431,C19H3N3O10
433.1765,10194,4.6,522,0.3,0.0425,C19H3N3O10
433.366,11002,1.9,217,0.1,0.0394,C19H3N3O10
433.9483,15395,3.5,393,0.2,0.0282,C30H59N
434.1314,10111,3.5,396,0.2,0.0429,C24H2O9
434.1715,13967,2.4,277,0.1,0.0311,C24H2O9
434.963,13515,4.2,476,0.2,0.0322,C31H62
435.1649,13144,3.8,432,0.2,0.0331,C23HNO9
435.3665,11593,2.5,286,0.1,0.0376,C23HNO9
435.9617,9053,2.3,260,0.1,0.0482,C30H61N
436.0151,50074,2.1,235,0.1,0.0087,C23O10
436.0239,26449,2.6,293,0.1,0.0165,C23O10
436.057,13094,3.1,355,0.2,0.0333,C23O10
436.1452,13859,5.1,575,0.3,0.0315,C23O10
437.0119,12600,2,233,0.1,0.0347,C23H3NO9
437.0851,15520,4.9,558,0.3,0.0282,C23H3NO9
437.1772,9561,3.9,444,0.2,0.0457,C23H3NO9
438.1725,9386,2,227,0.1,0.0467,C23H2O10
438.8773,15864,2.4,274,0.1,0.0277,C22H46N8O
439.1768,10295,3.5,400,0.2,0.0427,C22HNO10
439.9349,21221,2.1,237,0.1,0.0207,C24H53N7
440.1699,10769,2.1,242,0.1,0.0409,C21N2O10
440.2459,11660,2,233,0.1,0.0378,C21N2O10
440.8745,16922,1.8,206,0.1,0.0261,C29H48N2O
440.9624,7947,1.9,219,0.1,0.0555,C28H60N2O
441.1729,13279,3.2,370,0.2,0.0332,C22H3NO10
441.3025,11100,3.9,448,0.2,0.0398,C22H3NO10
441.3654,39387,1.8,208,0.1,0.0112,C22H3NO10
442.0282,23406,1.9,216,0.1,0.0189,C21H2N2O10
442.1601,7742,2.6,300,0.1,0.0571,C21H2N2O10
442.9578,11301,4.5,522,0.3,0.0392,C26H58N4O
443.0406,14653,2.3,262,0.1,0.0302,C20HN3O10
443.1875,10360,2.7,313,0.2,0.0428,C20HN3O10
443.3347,10841,2.4,274,0.1,0.0409,C20HN3O10
443.9516,11206,2.2,258,0.1,0.0396,C25H57N5O
443.9933,15319,2.2,258,0.1,0.029,C25O9
444.1761,14057,2.7,318,0.2,0.0316,C25O9
444.9338,11517,6.1,713,0.3,0.0386,C21H52N10
445.1824,8685,2.1,243,0.1,0.0513,C20H3N3O10
445.9968,11540,7.1,826,0.4,0.0386,C25H2O9
446.1852,10603,5.4,634,0.3,0.0421,C25H2O9
446.9942,9069,3.7,429,0.2,0.0493,C24HNO9
447.0685,11406,1.8,208,0.1,0.0392,C24HNO9
447.191,10652,2.6,306,0.1,0.042,C24HNO9
447.2953,12632,2.4,280,0.1,0.0354,C24HNO9
447.3489,14058,5.3,617,0.3,0.0318,C24HNO9
447.4981,12324,2.2,260,0.1,0.0363,C21HN7O6
447.9306,51888,2.4,279,0.1,0.0086,C21H53N9O
447.9857,12332,9,1054,0.5,0.0363,C24O10
448.1609,14570,2.6,302,0.1,0.0308,C24O10
448.4901,16461,2.9,342,0.2,0.0272,C31N2O3
448.9926,10504,6.4,759,0.4,0.0427,C32H64
449.149,13941,3,351,0.2,0.0322,C24H3NO9
449.1815,16669,3.6,427,0.2,0.0269,C24H3NO9
449.3757,9384,4.8,567,0.3,0.0479,C24H3NO9
449.9134,13722,11.2,1319,0.6,0.0328,C20H51N9O2
449.9882,16026,3.1,366,0.2,0.0281,C31H63N
450.0557,8736,3.3,392,0.2,0.0515,C24H2O10
450.1841,12199,3.6,422,0.2,0.0369,C24H2O10
450.3787,11470,2.1,249,0.1,0.0393,C24H2O10
450.9184,12430,2.3,272,0.1,0.0363,C28H54N2O2
451.0312,14814,18.7,2213,1.1,0.0304,C23HNO10
451.1831,19017,3.6,424,0.2,0.0237,C23HNO10
451.3658,11278,3.5,413,0.2,0.04,C23HNO10
451.9103,16825,8,949,0.5,0.0269,C23H49N9
452.0351,11339,4.1,481,0.2,0.0399,C22N2O10
452.1814,11698,1.9,221,0.1,0.0387,C22N2O10
452.4103,13288,2.5,298,0.1,0.034,C22N2O10
453.0294,14326,7.5,891,0.4,0.0316,C23H3NO10
453.1786,13662,4.4,520,0.3,0.0332,C23H3NO10
453.9133,9512,1.8,216,0.1,0.0477,C24H51N7O
454.0233,11963,1.9,225,0.1,0.038,C22H2N2O10
454.0558,16140,2.2,264,0.1,0.0281,C22H2N2O10
454.1582,13408,4.1,489,0.2,0.0339,C22H2N2O10
454.9591,12378,2.8,332,0.2,0.0368,C27H58N4O
455.1873,12580,8.5,1010,0.5,0.0362,C21HN3O10
455.3422,35500,2.3,276,0.1,0.0128,C21HN3O10
455.9605,17557,2.1,247,0.1,0.026,C25H57N7
456.0181,13657,2,242,0.1,0.0334,C26O9
456.0758,12949,2.6,316,0.2,0.0352,C26O9
456.1775,13327,3.6,431,0.2,0.0342,C26O9
457.038,17392,2.4,289,0.1,0.0263,C21H3N3O10
457.1924,12791,2.6,316,0.2,0.0357,C21H3N3O10
457.2695,17747,1.8,219,0.1,0.0258,C21H3N3O10
457.3494,9551,1.8,217,0.1,0.0479,C21H3N3O10
457.5309,10018,2.3,273,0.1,0.0457,C26H7N3O6
458.0351,13931,5.7,688,0.3,0.0329,C26H2O9
458.5377,20541,3.6,439,0.2,0.0223,C23H10N2O9
458.9738,15138,2.6,311,0.2,0.0303,C24H58N8
459.0449,13977,2.4,287,0.1,0.0328,C25HNO9
459.1889,13885,2.6,315,0.2,0.0331,C25HNO9
460.0214,12092,3.6,432,0.2,0.038,C25O10
460.1716,11569,2.1,259,0.1,0.0398,C25O10
461.0215,16192,1.9,225,0.1,0.0285,C25H3NO9
461.1866,108807,2.2,261,0.1,0.0042,C25H3NO9
461.2045,9892,2.2,264,0.1,0.0466,C25H3NO9
462.0269,11470,2.1,254,0.1,0.0403,C25H2O10
462.1829,9894,2.1,258,0.1,0.0467,C25H2O10
462.9927,10663,1.9,234,0.1,0.0434,C33H66
463.0392,10342,2.1,249,0.1,0.0448,C24HNO10
463.1997,11176,5.1,620,0.3,0.0414,C24HNO10
464.0044,20518,3,368,0.2,0.0226,C32H65N
464.0542,10141,1.8,224,0.1,0.0458,C23N2O10
464.1378,16924,1.7,210,0.1,0.0274,C23N2O10
464.202,9709,2.1,255,0.1,0.0478,C23N2O10
465.0369,10595,7.3,892,0.4,0.0439,C24H3NO10
465.1786,10831,3,367,0.2,0.043,C24H3NO10
465.3745,12784,3.7,448,0.2,0.0364,C24H3NO10
465.4685,10709,2,249,0.1,0.0435,C24H3NO10
465.9742,11613,3.4,412,0.2,0.0401,C28H59N5
466.0583,13547,5.1,624,0.3,0.0344,C23H2N2O10
466.1542,9993,1.9,226,0.1,0.0466,C23H2N2O10
466.3819,14408,2.3,279,0.1,0.0324,C23H2N2O10
466.4293,13400,3,361,0.2,0.0348,C23H2N2O10
466.4716,18320,2.6,315,0.2,0.0255,C28H2O8
466.5353,18175,2,246,0.1,0.0257,C16H6N10O8
467.0052,12436,12,1460,0.7,0.0376,C32H66O
467.1954,11464,5.4,657,0.3,0.0408,C22HN3O10
467.4223,16279,1.8,217,0.1,0.0287,C22HN3O10
467.4761,13739,1.9,235,0.1,0.034,C21HN5O9
467.5409,13941,2.1,252,0.1,0.0335,C29H9NO6
468.003,11336,3.6,441,0.2,0.0413,C31H65NO
468.0815,16275,3.9,481,0.2,0.0288,C27O9
468.1921,8823,2.7,331,0.2,0.0531,C27O9
468.978,14001,4.6,569,0.3,0.0335,C27H60N6
469.2025,13224,6.2,764,0.4,0.0355,C22H3N3O10
469.3282,11388,3.1,376,0.2,0.0412,C22H3N3O10
469.9734,17538,2.2,266,0.1,0.0268,C26H59N7
470.2009,14588,2.3,276,0.1,0.0322,C27H2O9
471.188,10154,1.7,211,0.1,0.0464,C26HNO9
471.3602,19788,2,246,0.1,0.0238,C26HNO9
471.9758,10191,1.8,226,0.1,0.0463,C28H61N3O2
472.1841,11727,1.9,236,0.1,0.0403,C26O10
472.9776,21076,2.4,299,0.1,0.0224,C26H60N6O
473.1977,17967,4.6,573,0.3,0.0263,C26H3NO9
473.3429,22428,3.2,391,0.2,0.0211,C26H3NO9
473.969,14634,2.3,289,0.1,0.0324,C31H59N3
474.178,13901,1.8,228,0.1,0.0341,C26H2O10
474.9445,9077,2.3,287,0.1,0.0523,C22H54N10O
475.2022,12288,2,248,0.1,0.0387,C25HNO10
475.4299,14458,2,243,0.1,0.0329,C25HNO10
475.9908,8968,2.6,321,0.2,0.0531,C33H65N
476.1986,13857,2,244,0.1,0.0344,C24N2O10
476.9881,9970,4.6,564,0.3,0.0478,C33H64O
477.2155,12156,5.2,640,0.3,0.0393,C25H3NO10
477.9925,18511,3.5,433,0.2,0.0258,C31H63N3
478.1803,12735,1.9,234,0.1,0.0375,C24H2N2O10
478.2223,9014,3.1,386,0.2,0.0531,C24H2N2O10
478.9885,13851,3.3,410,0.2,0.0346,C30H62N4
479.0928,10806,2.1,256,0.1,0.0443,C23HN3O10
479.1863,15957,1.9,233,0.1,0.03,C23HN3O10
479.395,9943,2.1,256,0.1,0.0482,C23HN3O10
479.9886,14336,4.5,557,0.3,0.0335,C29H61N5
480.4403,14442,3.1,385,0.2,0.0333,C28O9
480.984,13256,1.8,220,0.1,0.0363,C28H60N6
481.2085,19498,3.5,431,0.2,0.0247,C23H3N3O10
481.3097,15018,1.9,230,0.1,0.032,C23H3N3O10
481.4444,11568,1.7,215,0.1,0.0416,C23H3N3O10
481.9814,9801,2,253,0.1,0.0492,C27H59N7
482.0497,20437,2,243,0.1,0.0236,C28H2O9
482.4519,11848,2.4,295,0.1,0.0407,C28H2O9
482.982,7077,2.9,362,0.2,0.0682,C35H62
483.1791,11689,1.9,234,0.1,0.0413,C27HNO9
483.3538,10807,2.6,330,0.2,0.0447,C27HNO9
483.4771,7480,1.9,231,0.1,0.0646,C31HNO6
483.9824,7858,3.1,382,0.2,0.0616,C28H61N5O
484.0868,6459,2.2,269,0.1,0.0749,C27O10
484.1702,10659,1.7,217,0.1,0.0454,C27O10
484.4954,17910,2,245,0.1,0.0271,C27H4N2O8
484.9734,12554,14.3,1792,0.9,0.0386,C33H60N2
485.0915,9214,2.5,312,0.2,0.0526,C27H3NO9
485.1998,12042,2.1,269,0.1,0.0403,C27H3NO9
485.9751,11767,4.8,603,0.3,0.0413,C26H59N7O
486.0917,15322,20,2504,1.2,0.0317,C27H2O10
486.1651,18619,1.8,230,0.1,0.0261,C27H2O10
486.1797,35197,1.9,240,0.1,0.0138,C27H2O10
486.9703,13182,6.3,788,0.4,0.0369,C25H58N8O
487.0934,13543,4.9,618,0.3,0.036,C26HNO10
487.2151,8410,2.6,326,0.2,0.0579,C26HNO10
487.3517,11922,2.3,285,0.1,0.0409,C26HNO10
487.9757,13932,2.3,287,0.1,0.035,C27H61N5O2
488.1946,14832,2.1,265,0.1,0.0329,C25N2O10
488.9899,16579,2,246,0.1,0.0295,C34H64O
489.2162,15154,8.4,1062,0.5,0.0323,C26H3NO10
489.9974,9499,3,383,0.2,0.0516,C32H63N3
490.2175,14178,3,378,0.2,0.0346,C25H2N2O10
490.9998,13980,2.9,361,0.2,0.0351,C34H66O
491.2328,12877,11.1,1393,0.7,0.0381,C24HN3O10
491.9522,11690,3.3,411,0.2,0.0421,C24H57N7O3
491.995,10757,2.3,291,0.1,0.0457,C33H65NO
492.2326,8770,3.7,461,0.2,0.0561,C29O9
492.5,14237,2,246,0.1,0.0346,C41
493.0056,5828,2.2,278,0.1,0.0846,C31H64N4
493.4128,10850,2.1,270,0.1,0.0455,C24H3N3O10
493.4973,13361,3.2,406,0.2,0.0369,C17H3N9O10
493.9989,9196,2.7,337,0.2,0.0537,C30H63N5
494.4167,17040,1.9,244,0.1,0.029,C29H2O9
494.4649,13377,2.2,281,0.1,0.037,C29H2O9
494.4936,17795,2.1,268,0.1,0.0278,C16H2N10O10
494.9826,8093,1.9,245,0.1,0.0612,C36H62
495.1975,32605,2.1,265,0.1,0.0152,C28HNO9
495.3953,10487,2,247,0.1,0.0472,C28HNO9
495.4515,20394,2.4,305,0.1,0.0243,C28HNO9
495.9879,13589,2.1,261,0.1,0.0365,C28H61N7
496.4692,12696,1.7,211,0.1,0.0391,C26N4O8
496.9886,11639,1.9,238,0.1,0.0427,C27H60N8
497.1944,11213,2.2,277,0.1,0.0443,C28H3NO9
497.3482,12787,1.6,205,0.1,0.0389,C28H3NO9
497.994,14575,2.1,262,0.1,0.0342,C35H63N
498.0944,19898,1.9,245,0.1,0.025,C28H2O10
498.1901,19387,1.7,211,0.1,0.0257,C28H2O10
498.9911,11587,2.8,351,0.2,0.0431,C34H62N2
499.1994,25514,1.6,207,0.1,0.0196,C27HNO10
499.9933,9191,2.1,266,0.1,0.0544,C27H61N7O
500.9876,11281,7,886,0.4,0.0444,C26H60N8O
501.1902,14946,1.7,212,0.1,0.0335,C27H3NO10
501.3074,17699,1.8,234,0.1,0.0283,C27H3NO10
501.3765,12923,1.8,233,0.1,0.0388,C27H3NO10
501.4669,9672,2.5,318,0.2,0.0518,C27H3NO10
501.9773,12254,4.7,594,0.3,0.041,C25H59N9O
502.1846,18205,1.9,236,0.1,0.0276,C26H2N2O10
502.5579,12222,1.9,242,0.1,0.0411,C16H10N10O10
502.9817,14872,43.3,5525,2.7,0.0338,C28H62N4O3
503.2223,14117,2.6,336,0.2,0.0356,C25HN3O10
503.3346,14302,1.8,232,0.1,0.0352,C25HN3O10
503.4888,17250,1.8,235,0.1,0.0292,C27H5NO10
503.9843,10340,9.5,1207,0.6,0.0487,C26H61N7O2
504.0991,14176,2.4,300,0.1,0.0356,C30O9
504.2077,16585,1.7,214,0.1,0.0304,C30O9
504.2781,19130,1.8,235,0.1,0.0264,C30O9
504.9625,14427,20.6,2627,1.3,0.035,C28H56N8
505.2434,15379,3.2,404,0.2,0.0329,C25H3N3O10
505.3354,11785,2.9,367,0.2,0.0429,C25H3N3O10
505.4496,17495,2.1,274,0.1,0.0289,C25H3N3O10
505.9709,8137,4.6,588,0.3,0.0622,C30H59N5O
506.9513,15071,7.5,955,0.5,0.0336,C25H58N6O4
507.4421,14796,2.2,282,0.1,0.0343,C29HNO9
507.5036,12861,1.7,219,0.1,0.0395,C36HN3O2
508.0023,17907,4.8,619,0.3,0.0284,C32H65N3O
508.3824,16055,1.6,211,0.1,0.0317,C29O10
508.4749,15759,3.1,402,0.2,0.0323,C32N2O6
508.9532,18192,1.7,218,0.1,0.028,C22H56N10O3
509.0061,10855,3.1,401,0.2,0.0469,C31H64N4O
509.1993,12531,1.8,228,0.1,0.0406,C29H3NO9
509.4074,29065,1.9,250,0.1,0.0175,C29H3NO9
509.4706,9443,2.5,319,0.2,0.054,C29H3NO9
509.9953,16997,2.1,276,0.1,0.03,C36H63N
510.4032,15948,2.7,351,0.2,0.032,C29H2O10
510.4892,9463,2,260,0.1,0.0539,C32H2N2O6
510.9914,12777,2.3,300,0.1,0.04,C29H62N6O
511.4969,15080,2.7,345,0.2,0.0339,C30HN5O5
511.9915,11533,2.2,286,0.1,0.0444,C28H61N7O
512.4956,19091,1.9,243,0.1,0.0268,C33H4O7
512.5416,22458,1.7,224,0.1,0.0228,C17H8N10O10
512.9897,21947,2.3,300,0.1,0.0234,C31H64N2O3
513.9584,19803,2,255,0.1,0.026,C28H59N5O3
513.9985,10185,1.9,249,0.1,0.0505,C34H63N3
514.1786,14129,1.7,215,0.1,0.0364,C27H2N2O10
514.9912,14142,2.8,360,0.2,0.0364,C28H62N6O2
515.2214,10445,2.2,283,0.1,0.0493,C26HN3O10
515.9846,15690,2.5,319,0.2,0.0329,C27H61N7O2
516.9979,12859,3.8,491,0.2,0.0402,C34H64N2O
517.2463,10052,5,651,0.3,0.0515,C26H3N3O10
517.3662,11260,2.2,287,0.1,0.0459,C26H3N3O10
517.4669,18499,1.7,215,0.1,0.028,C26H3N3O10
517.9953,11886,4.3,551,0.3,0.0436,C33H63N3O
518.179,12154,2,265,0.1,0.0426,C31H2O9
518.2486,12022,1.9,250,0.1,0.0431,C31H2O9
518.9946,15633,4.2,543,0.3,0.0332,C26H62N8O2
519.2609,14742,2.7,345,0.2,0.0352,C30HNO9
519.4479,7374,1.7,215,0.1,0.0704,C30HNO9
520.0092,12072,4.1,533,0.3,0.0431,C33H65N3O
520.9548,11860,3.2,419,0.2,0.0439,C27H60N4O5
521.0017,14539,2.8,365,0.2,0.0358,C32H64N4O
521.4569,12632,3.9,503,0.2,0.0413,C30H3NO9
522.0042,10107,1.9,243,0.1,0.0516,C30H63N7
522.4844,9897,2,263,0.1,0.0528,C28H2N4O8
522.597,14940,2.2,282,0.1,0.035,C32H10N8O
522.9514,10590,2.1,267,0.1,0.0494,C35H58N2O
523.4735,13202,3.2,413,0.2,0.0397,C33HNO7
523.9961,14291,1.7,218,0.1,0.0367,C33H65NO3
524.0317,15193,1.9,246,0.1,0.0345,C34H69NO2
524.4214,12242,2.4,307,0.1,0.0428,C28N2O10
524.4771,33831,1.9,248,0.1,0.0155,C26N6O8
524.967,10796,2,259,0.1,0.0486,C35H60N2O
525.453,33928,2,266,0.1,0.0155,C29H3NO10
525.482,39499,1.6,212,0.1,0.0133,C28H3N3O9
525.9979,17207,2.3,302,0.1,0.0306,C30H63N5O2
526.9859,15545,2.6,341,0.2,0.0339,C35H62N2O
527.4987,8326,2.2,293,0.1,0.0634,C24HN9O7
528.0128,15003,2.5,329,0.2,0.0352,C30H65N5O2
528.5119,14969,2.4,311,0.2,0.0353,C31H4N4O6
529.0118,15340,3.6,467,0.2,0.0345,C34H64N4
529.3976,20412,1.8,236,0.1,0.0259,C27H3N3O10
529.5062,12863,3.6,468,0.2,0.0412,C29H7NO10
529.9511,12227,1.6,208,0.1,0.0433,C28H59N5O4
530.0164,15304,2.6,342,0.2,0.0346,C31H67N3O3
530.4951,17064,1.9,247,0.1,0.0311,C19H2N10O10
530.9684,21347,2.2,282,0.1,0.0249,C35H62O3
530.9867,38917,1.8,232,0.1,0.0136,C28H62N6O3
530.9998,15117,1.6,213,0.1,0.0351,C31H66N2O4
531.385,13058,1.9,250,0.1,0.0407,C31HNO9
531.5075,17335,1.8,237,0.1,0.0307,C26H5N5O9
531.9854,15185,1.6,210,0.1,0.035,C31H65NO5
532.1878,21445,2.1,273,0.1,0.0248,C31O10
533.0003,9333,2,261,0.1,0.0571,C39H64
533.4062,21186,1.6,208,0.1,0.0252,C31H3NO9
533.452,9732,1.8,242,0.1,0.0548,C31H3NO9
533.9973,14437,2.4,308,0.2,0.037,C27H63N7O3
535.0306,13734,3.7,486,0.2,0.039,C32H66N6
535.4741,9259,3.3,436,0.2,0.0578,C34HNO7
536.0124,13982,4.2,547,0.3,0.0383,C32H65N5O
536.0358,12716,4.3,564,0.3,0.0422,C34H69N3O
536.4973,10852,2.6,336,0.2,0.0494,C24H4N6O10
537.0158,10552,13.6,1778,0.9,0.0509,C35H68O3
537.4898,10864,3.7,481,0.2,0.0495,C34H3NO7
538.0417,12602,20.3,2668,1.3,0.0427,C31H67N7
538.4621,18936,2.6,338,0.2,0.0284,C29H2N2O10
538.5096,13288,2.6,335,0.2,0.0405,C35H6O7
539.0143,8275,8,1046,0.5,0.0651,C28H62N10
539.4195,17972,2.2,283,0.1,0.03,C28HN3O10
539.4973,13826,2.2,294,0.1,0.039,C25HN9O7
540.0112,12952,7.7,1017,0.5,0.0417,C31H65N5O2
540.4156,11875,1.8,239,0.1,0.0455,C33O9
540.4772,26217,1.8,232,0.1,0.0206,C20N10O10
540.9331,13186,3.6,467,0.2,0.041,C39H56O
541.0056,15080,3.3,433,0.2,0.0359,C30H64N6O2
541.3956,13676,3.5,456,0.2,0.0396,C28H3N3O10
542.0106,11843,1.7,221,0.1,0.0458,C28H63N9O
542.4048,14179,1.9,248,0.1,0.0383,C33H2O9
542.5059,15851,1.8,236,0.1,0.0342,C34H6O8
542.9279,15516,3.3,434,0.2,0.035,C30H58N2O6
542.9992,10158,1.6,206,0.1,0.0535,C28H62N8O2
543.5079,14213,2.7,356,0.2,0.0382,C27H5N5O9
543.9327,46274,1.7,220,0.1,0.0118,C28H57N5O5
544.0095,13153,2.1,270,0.1,0.0414,C35H65N3O
544.4361,22325,1.6,207,0.1,0.0244,C32O10
544.9216,16817,1.6,212,0.1,0.0324,C33H56N2O4
545.0004,8246,1.8,236,0.1,0.0661,C40H64
545.4144,12530,2.1,279,0.1,0.0435,C32H3NO9
545.4911,22736,2.5,323,0.2,0.024,C31H3N3O8
545.9964,7843,1.9,253,0.1,0.0696,C28H63N7O3
546.4951,11306,1.8,238,0.1,0.0483,C40H2O4
547.0019,15175,2.3,305,0.1,0.036,C26H62N10O2
547.3995,18681,3,397,0.2,0.0293,C31HNO10
547.4746,9820,3.2,419,0.2,0.0557,C35HNO7
548.0055,8695,2.1,281,0.1,0.063,C34H65N3O2
548.4283,23175,1.7,227,0.1,0.0237,C30N2O10
548.4982,11006,2.2,289,0.1,0.0498,C25H4N6O10
549.0108,14998,2,261,0.1,0.0366,C32H64N6O
549.4879,10632,5.2,693,0.3,0.0517,C35H3NO7
550.0246,19483,2.5,336,0.2,0.0282,C39H67N
550.2016,24357,1.7,227,0.1,0.0226,C30H2N2O10
550.4944,97480,2.3,311,0.2,0.0056,C32H6O10
550.6295,11609,3.6,482,0.2,0.0474,C22H18N10O8
551.0076,13251,1.6,209,0.1,0.0416,C39H66O
551.0428,13751,1.8,234,0.1,0.0401,C35H70N2O2
551.504,9162,3.2,424,0.2,0.0602,C35H5NO7
551.6315,13958,1.8,243,0.1,0.0395,C30H21N3O8
552.0126,17990,2,261,0.1,0.0307,C32H65N5O2
552.4221,15612,1.7,219,0.1,0.0354,C34O9
552.4507,13027,2.2,295,0.1,0.0424,C34O9
552.508,9960,2.2,286,0.1,0.0555,C28H4N6O8
553.0144,16994,2,260,0.1,0.0325,C30H64N8O
553.4987,16277,2.2,290,0.1,0.034,C22H3N9O10
553.9518,16959,1.6,218,0.1,0.0327,C25H59N7O6
554.0107,10811,2.2,287,0.1,0.0512,C29H63N9O
554.0504,11216,2.5,331,0.2,0.0494,C30H67N9
554.1702,10339,1.7,220,0.1,0.0536,C34H2O9
554.43,11918,3.7,492,0.2,0.0465,C34H2O9
554.503,22237,2.2,287,0.1,0.0249,C31H2N6O6
554.9393,10519,3.4,448,0.2,0.0528,C30H58N4O5
554.9924,29840,2.8,373,0.2,0.0186,C29H62N8O2
555.0071,13442,2.4,315,0.2,0.0413,C28H62N10O
555.1185,10385,2,259,0.1,0.0535,C33HNO9
555.439,10030,2.1,283,0.1,0.0554,C33HNO9
555.512,11478,4.1,545,0.3,0.0484,C33H5N3O7
555.9447,9972,2,262,0.1,0.0558,C28H57N7O4
556.0538,12394,7.6,1003,0.5,0.0449,C31H69N7O
556.4578,39840,1.8,238,0.1,0.014,C32N2O9
556.5131,13215,3,392,0.2,0.0421,C38N6O
556.9338,10689,2.3,300,0.1,0.0521,C32H60O7
556.9981,13848,2.7,361,0.2,0.0402,C41H64
557.0516,13958,2.7,360,0.2,0.0399,C30H68N8O
557.1295,14269,8.5,1123,0.5,0.039,C33H3NO9
557.5199,14151,2.7,361,0.2,0.0394,C40H3N3O2
558.0158,8962,2.8,374,0.2,0.0623,C37H67NO2
558.1324,17041,2.7,364,0.2,0.0328,C33H2O10
558.5046,19656,1.9,256,0.1,0.0284,C24H2N10O8
558.8915,18866,1.6,214,0.1,0.0296,C34H54O6
559.0187,17010,1.7,230,0.1,0.0329,C30H66N6O3
559.4254,15427,1.8,243,0.1,0.0363,C32HNO10
559.5032,25786,1.9,248,0.1,0.0217,C27H5N5O10
560.0015,10471,1.6,217,0.1,0.0535,C30H65N5O4
560.5078,26977,1.8,235,0.1,0.0208,C37N6O2
561.4014,9211,2,265,0.1,0.0609,C32H3NO10
561.4526,8939,2.2,288,0.1,0.0628,C32H3NO10
561.953,18576,1.6,209,0.1,0.0303,C38H59NO2
562.0167,15275,1.9,257,0.1,0.0368,C30H67N5O4
562.4421,14235,1.6,208,0.1,0.0395,C31H2N2O10
562.4919,11671,1.6,213,0.1,0.0482,C29H2N6O8
563.0061,13367,1.8,246,0.1,0.0421,C35H66N2O3
563.3793,13575,4.6,611,0.3,0.0415,C30HN3O10
563.492,5958,3.2,428,0.2,0.0946,C33HN5O6
563.997,12530,2.3,313,0.2,0.045,C29H65N5O5
564.3899,9310,1.8,240,0.1,0.0606,C35O9
564.4864,16878,2.7,354,0.2,0.0334,C31H4N2O10
564.5046,20503,2.9,392,0.2,0.0275,C24H4N8O10
564.5191,5541,2.1,281,0.1,0.1019,C28H4N8O7
564.9989,13628,2.5,332,0.2,0.0415,C38H64N2O
565.4083,18025,2.3,304,0.1,0.0314,C30H3N3O10
565.5092,23684,2.9,391,0.2,0.0239,C38H3N3O4
566.0143,13832,2.4,319,0.2,0.0409,C30H63N9O
566.4365,12059,1.9,258,0.1,0.047,C35H2O9
566.5039,11574,1.8,244,0.1,0.0489,C36H6O8
567.0176,12838,2.1,277,0.1,0.0442,C32H66N6O2
568.0133,9918,3,397,0.2,0.0573,C31H65N7O2
568.4469,12621,2.7,363,0.2,0.045,C34O10
568.5133,10864,1.7,225,0.1,0.0523,C39N6O
569.0103,23803,2.7,357,0.2,0.0239,C30H64N8O2
569.0284,33283,1.7,230,0.1,0.0171,C33H68N4O3
569.0347,28988,2.3,305,0.1,0.0196,C32H68N6O2
569.4528,9665,1.8,241,0.1,0.0589,C34H3NO9
569.5257,15797,2.1,283,0.1,0.0361,C30H3N9O5
570.0158,15974,1.7,231,0.1,0.0357,C38H67NO2
570.9521,14818,2,271,0.1,0.0385,C23H58N10O6
571.0278,10545,2.4,325,0.2,0.0542,C30H66N8O2
571.1434,14330,1.5,206,0.1,0.0399,C33HNO10
571.5193,12044,2.2,294,0.1,0.0475,C33HN9O3
572.0225,13494,2.3,313,0.2,0.0424,C29H65N9O2
572.5213,12534,2.5,332,0.2,0.0457,C25H4N10O8
572.9483,14939,4.2,560,0.3,0.0384,C26H56N10O4
573.0132,7852,4.1,552,0.3,0.073,C34H64N6O
573.4499,15166,2.1,274,0.1,0.0378,C33H3NO10
573.5251,16051,2.9,387,0.2,0.0357,C38H7NO6
574.0178,9210,6.5,868,0.4,0.0623,C31H67N5O4
574.4571,14635,2,268,0.1,0.0393,C32H2N2O10
574.5246,10267,2.2,289,0.1,0.056,C26H6N8O9
575.0098,8700,4.7,636,0.3,0.0661,C41H66O
575.4744,12129,3.6,476,0.2,0.0474,C30HN5O9
575.9919,13421,11.7,1569,0.8,0.0429,C37H61N5
576.4799,15079,2,265,0.1,0.0382,C39N2O5
576.997,9527,3.8,515,0.3,0.0606,C34H64N4O3
577.3764,15907,1.8,236,0.1,0.0363,C31H3N3O10
577.4914,10114,3.8,505,0.2,0.0571,C30H3N5O9
577.9873,15598,4.5,604,0.3,0.0371,C28H63N7O5
578.4309,11966,1.5,206,0.1,0.0483,C36H2O9
578.5064,15233,1.8,239,0.1,0.038,C38H2N4O4
579.0143,10160,1.8,243,0.1,0.057,C39H66N2O
579.3589,12942,1.9,250,0.1,0.0448,C35HNO9
579.3942,21165,1.9,256,0.1,0.0274,C35HNO9
579.4211,14987,1.7,235,0.1,0.0387,C35HNO9
579.5136,16111,2.6,348,0.2,0.036,C36HN7O3
580.0342,8040,2.4,325,0.2,0.0721,C40H69NO
580.5048,15450,1.6,216,0.1,0.0376,C30N10O5
581.0346,23265,2.1,285,0.1,0.025,C33H68N6O2
581.4776,13242,1.5,208,0.1,0.0439,C35H3NO9
581.5206,7881,1.7,227,0.1,0.0738,C42H3N3O2
581.9987,15015,1.9,258,0.1,0.0388,C31H63N7O3
582.4651,12389,2.8,370,0.2,0.047,C34H2N2O9
582.535,13850,1.8,240,0.1,0.0421,C34H2N10O2
582.9935,20649,2.6,352,0.2,0.0282,C30H62N8O3
583.4645,10180,2.3,305,0.1,0.0573,C33HN3O9
583.5355,14548,2.8,374,0.2,0.0401,C42H5N3O2
583.9683,9392,1.7,224,0.1,0.0622,C32H57N9O
584.0031,35952,2.3,304,0.1,0.0162,C32H65N5O4
584.0107,37896,1.8,248,0.1,0.0154,C42H65N
584.03,12593,1.9,258,0.1,0.0464,C35H65N7
584.0956,11591,1.7,235,0.1,0.0504,C32H73N9
584.4477,13608,2.1,279,0.1,0.0429,C33N2O10
584.4872,15173,1.9,256,0.1,0.0385,C30N8O7
584.535,13072,2.2,295,0.1,0.0447,C29H8N6O9
585.4408,15803,2,265,0.1,0.037,C34H3NO10
585.4936,25567,1.8,244,0.1,0.0229,C27H3N7O10
585.5382,10738,2,276,0.1,0.0545,C38H7N3O5
585.9316,19417,1.6,212,0.1,0.0302,C27H55N9O5
585.983,13105,1.7,224,0.1,0.0447,C32H59N9O
586.0159,23273,1.8,244,0.1,0.0252,C32H67N5O4
586.1057,16027,1.9,252,0.1,0.0366,C32H75N9
586.4493,43462,1.6,211,0.1,0.0135,C33H2N2O10
586.4838,19463,1.6,209,0.1,0.0301,C37H2N2O7
586.5177,18690,1.6,220,0.1,0.0314,C33H6N4O8
587.0095,13281,2,272,0.1,0.0442,C42H66O
587.4727,10960,2.5,339,0.2,0.0536,C31HN5O9
588.0072,13651,1.9,250,0.1,0.0431,C30H65N7O4
588.4762,13487,2,265,0.1,0.0436,C35N4O7
588.9931,32677,1.9,253,0.1,0.018,C30H64N6O5
589.0006,122964,1.7,228,0.1,0.0048,C40H64N2O
589.4789,13732,3.2,435,0.2,0.0429,C32H3N3O10
590.0197,16287,2.4,324,0.2,0.0362,C41H67NO
590.4723,14403,2.1,283,0.1,0.041,C31H2N4O10
590.9106,7570,3.2,426,0.2,0.0781,C26H54N8O7
591.0049,9321,1.8,240,0.1,0.0634,C41H66O2
591.3949,13685,2.2,295,0.1,0.0432,C36HNO9
591.4411,16741,3.1,414,0.2,0.0353,C36HNO9
591.4988,7156,2.8,380,0.2,0.0827,C33HN7O6
591.9157,11401,1.8,237,0.1,0.0519,C40H53N3O
592.0217,12889,3.5,479,0.2,0.0459,C37H69NO4
592.4547,14007,2.3,308,0.2,0.0423,C35N2O9
592.8854,10163,5.7,777,0.4,0.0583,C20H52N10O10
593.0231,12880,2.5,333,0.2,0.046,C30H68N6O5
593.4206,123424,1.8,240,0.1,0.0048,C36H3NO9
593.462,10995,2.4,328,0.2,0.054,C36H3NO9
593.512,13180,2,276,0.1,0.045,C32H7N3O10
593.8905,9839,1.8,250,0.1,0.0604,C33H55NO8
594.0004,12700,12.7,1714,0.8,0.0468,C36H67NO5
594.0552,13283,5.5,744,0.4,0.0447,C35H71N5O2
594.4555,10213,1.6,212,0.1,0.0582,C36H2O10
594.5014,61769,1.8,238,0.1,0.0096,C38H2N4O5
594.5087,42070,1.6,217,0.1,0.0141,C32H2N8O6
594.8779,12312,3.8,519,0.3,0.0483,C34H50N4O5
595.0055,9759,4,545,0.3,0.061,C30H62N10O2
595.0667,12677,1.9,254,0.1,0.0469,C33H70N8O
595.4683,38442,2.4,327,0.2,0.0155,C34HN3O9
595.9988,15611,6.3,851,0.4,0.0382,C28H65N7O6
596.4753,10935,2.5,336,0.2,0.0545,C32N6O8
596.5443,15499,1.6,214,0.1,0.0385,C41H4N6O
596.8809,13762,1.6,220,0.1,0.0434,C35H52N2O6
597.0002,11664,2.4,324,0.2,0.0512,C33H60N10
597.5027,15334,1.8,243,0.1,0.039,C27H3N9O9
597.5616,15764,1.5,205,0.1,0.0379,C25H11N9O10
598.0101,14825,2.3,310,0.2,0.0403,C39H67NO3
598.4564,13345,3.7,507,0.2,0.0448,C34H2N2O10
599.0137,21136,1.9,261,0.1,0.0283,C32H66N6O4
599.4546,11730,3.7,499,0.2,0.0511,C33HN3O10
599.5142,16528,2.1,279,0.1,0.0363,C34HN9O4
599.9995,14098,1.5,208,0.1,0.0426,C33H61N9O
600.462,18491,3.2,438,0.2,0.0325,C37N2O8
600.5535,29381,1.7,224,0.1,0.0204,C31H12N4O10
600.9774,17210,2.6,354,0.2,0.0349,C28H60N10O4
601.4752,11859,2.6,351,0.2,0.0507,C33H3N3O10
601.9755,14990,2.1,280,0.1,0.0402,C31H63N5O6
602.0165,28295,1.7,227,0.1,0.0213,C37H67N3O3
602.4867,20727,1.9,253,0.1,0.0291,C31H2N6O9
602.5216,12291,1.9,255,0.1,0.049,C44H2N4O
603.0033,9574,2.5,339,0.2,0.063,C38H62N6
603.4891,11983,2.5,342,0.2,0.0504,C40HN3O5
603.996,11097,2.6,349,0.2,0.0544,C36H65N3O4
604.4729,11759,1.6,220,0.1,0.0514,C40N2O6
604.992,10265,1.9,253,0.1,0.0589,C35H64N4O4
605.4354,14694,2.6,351,0.2,0.0412,C37H3NO9
606.0138,10726,4.2,569,0.3,0.0565,C37H63N7
606.475,9818,1.7,234,0.1,0.0618,C36H2N2O9
607.0324,11510,4.5,618,0.3,0.0527,C37H70N2O4
607.4721,12098,1.9,258,0.1,0.0502,C40HNO7
608.0414,12425,8.5,1156,0.6,0.0489,C40H69N3O
608.432,11275,1.8,252,0.1,0.054,C35N2O10
608.4776,14396,1.7,227,0.1,0.0423,C33N6O8
609.0412,9616,4.6,627,0.3,0.0633,C28H68N10O4
609.4207,17967,2.4,334,0.2,0.0339,C36H3NO10
609.4522,12201,1.6,220,0.1,0.05,C36H3NO10
609.5488,13998,2.1,287,0.1,0.0435,C39H7N5O4
610.0407,12934,23.5,3204,1.6,0.0472,C32H67N9O2
610.4612,14490,2.2,296,0.1,0.0421,C35H2N2O10
610.5472,10796,2.2,302,0.1,0.0566,C42H10O6
610.8982,11975,2.2,300,0.1,0.051,C37H50N6O2
611.0455,13463,10.3,1408,0.7,0.0454,C45H70
611.456,18246,1.9,266,0.1,0.0335,C34HN3O10
611.4698,16585,2.1,284,0.1,0.0369,C39HNO8
611.5638,62649,1.7,230,0.1,0.0098,C38H13NO8
611.9676,10959,4.1,555,0.3,0.0558,C26H61N9O7
612.0453,14648,3.9,532,0.3,0.0418,C33H69N7O3
612.4706,13893,3.3,454,0.2,0.0441,C32N6O9
612.893,11478,1.6,217,0.1,0.0534,C40H48N6
612.9693,17502,1.8,250,0.1,0.035,C46H60
613.0521,19016,1.8,240,0.1,0.0322,C31H68N10O2
613.4727,16155,2.1,292,0.1,0.038,C34H3N3O10
613.9622,16345,2.9,390,0.2,0.0376,C28H63N5O9
614.4868,12471,1.8,242,0.1,0.0493,C32H2N6O9
